cellTime,cell,time,none,global,local,blot,cross,z,x,y,size,gweight
ABa:1,ABa,1,10972,-14028,-89,-89,10972,36.0,546,190,74,1418725
ABal:2,ABal,2,10940,-14059,-111,-111,10940,37.4,552,231,70,1680722
ABala:7,ABala,7,11525,-13474,-135,-136,11525,37.1,557,299,59,1172338
ABalaa:18,ABalaa,18,12391,-12608,-100,-99,12391,38.2,572,307,54,965003
ABalaaa:36,ABalaaa,36,13061,-11938,-78,-75,13061,37.4,582,294,47,653812
ABalaaaa:58,ABalaaaa,58,13612,-11387,535,555,13612,43.7,571,312,41,440748
ABalaaaal:87,ABalaaaal,87,12820,-12179,71,72,12820,37.5,581,248,35,406180
ABalaaaala:121,ABalaaaala,121,14281,-10718,1388,1517,14281,46.8,559,209,32,308205
ABalaaaalal:192,ABalaaaalal,192,12496,-12503,104,116,12496,46.2,555,208,26,156356
ABalaaaalar:192,ABalaaaalar,192,12584,-12415,190,184,12584,42.4,564,220,27,178852
ABalaaaalp:121,ABalaaaalp,121,13233,-11766,383,529,13233,50.2,532,183,31,252265
ABalaaaalpa:179,ABalaaaalpa,179,12651,-12348,105,238,12651,48.0,567,194,29,198407
ABalaaaalpp:179,ABalaaaalpp,179,12456,-12543,9,73,12456,50.5,557,192,28,165450
ABalaaaar:87,ABalaaaar,87,12838,-12161,74,86,12838,40.5,592,301,35,438729
ABalaaaarl:122,ABalaaaarl,122,13795,-11204,969,1068,13795,43.3,569,242,30,244887
ABalaaaarla:175,ABalaaaarla,175,12572,-12427,24,192,12572,45.8,584,221,28,177152
ABalaaaarlp:175,ABalaaaarlp,175,12621,-12379,28,112,12621,43.5,578,243,27,158209
ABalaaaarr:122,ABalaaaarr,122,14089,-10910,1231,1316,14089,45.6,563,303,30,245465
ABalaaaarra:178,ABalaaaarra,178,13472,-11527,731,844,13472,48.5,568,294,27,167120
ABalaaaarrp:178,ABalaaaarrp,178,13571,-11428,860,928,13571,44.4,577,276,28,176407
ABalaaap:58,ABalaaap,58,13548,-11451,516,529,13548,34.8,550,336,42,444307
ABalaaapa:83,ABalaaapa,83,12925,-12074,171,179,12925,31.5,587,298,37,485486
ABalaaapal:119,ABalaaapal,119,14744,-10255,1912,1998,14744,39.7,569,213,32,281470
ABalaaapall:173,ABalaaapall,173,12496,-12503,83,126,12496,44.5,560,169,27,148710
ABalaaapalr:173,ABalaaapalr,173,12743,-12256,194,284,12743,39.4,566,208,29,175661
ABalaaapar:119,ABalaaapar,119,14668,-10331,1885,1910,14668,37.9,581,277,32,260604
ABalaaaparl:186,ABalaaaparl,186,12427,-12572,95,142,12427,41.4,597,225,27,121294
ABalaaaparr:186,ABalaaaparr,186,12584,-12416,166,194,12584,40.3,596,253,27,131576
ABalaaapp:83,ABalaaapp,83,12922,-12077,163,161,12922,30.3,550,328,38,513515
ABalaaappl:119,ABalaaappl,119,15181,-9818,2327,2371,15181,36.9,570,322,30,240141
ABalaaappll:181,ABalaaappll,181,12828,-12171,210,333,12828,40.4,594,290,27,118605
ABalaaapplr:181,ABalaaapplr,181,12750,-12249,209,310,12750,39.9,590,316,28,124704
ABalaaappr:119,ABalaaappr,119,13745,-11254,1053,1121,13745,40.1,547,358,34,275087
ABalaaapprl:166,ABalaaapprl,166,12703,-12296,-79,166,12703,40.7,558,323,28,149385
ABalaaapprr:166,ABalaaapprr,166,12471,-12528,119,153,12471,44.9,552,358,28,138096
ABalaap:36,ABalaap,36,13049,-11950,-89,-89,13049,47.5,540,244,46,500875
ABalaapa:57,ABalaapa,57,12917,-12082,-39,-26,12917,40.4,520,325,41,425223
ABalaapaa:86,ABalaapaa,86,12655,-12344,-54,-51,12655,39.4,549,365,34,328061
ABalaapaaa:124,ABalaapaaa,124,14653,-10346,1601,1776,14653,45.6,551,335,30,208957
ABalaapaaal:186,ABalaapaaal,186,13180,-11819,413,554,13180,43.0,573,296,24,98327
ABalaapaaar:186,ABalaapaaar,186,13057,-11942,523,585,13057,42.5,578,321,27,133756
ABalaapaap:124,ABalaapaap,124,13637,-11362,799,918,13637,50.0,516,354,30,184833
ABalaapaapa:184,ABalaapaapa,184,12643,-12356,120,223,12643,46.7,571,325,26,115623
ABalaapaapp:184,ABalaapaapp,184,12551,-12448,141,169,12551,50.1,554,327,26,100987
ABalaapap:86,ABalaapap,86,12638,-12362,-64,-66,12638,39.0,513,393,34,348408
ABalaapapa:122,ABalaapapa,122,12328,-12671,-23,-12,12328,50.7,473,383,28,183477
ABalaapapp:122,ABalaapapp,122,12340,-12659,-163,-115,12340,47.4,470,386,31,215696
ABalaapappa:171,ABalaapappa,171,12387,-12612,-5,29,12387,52.3,506,365,25,98702
ABalaapappp:171,ABalaapappp,171,12323,-12676,2,33,12323,52.0,471,391,29,79863
ABalaapp:57,ABalaapp,57,12881,-12118,-72,-72,12881,38.1,455,335,42,396539
ABalaappa:82,ABalaappa,82,12691,-12308,-13,-18,12691,32.6,519,381,35,399834
ABalaappaa:122,ABalaappaa,122,12973,-12026,61,293,12973,46.2,527,374,28,174041
ABalaappaaa:178,ABalaappaaa,178,12474,-12525,145,193,12474,48.5,546,362,26,138382
ABalaappaap:178,ABalaappaap,178,12416,-12583,117,148,12416,51.9,533,357,27,114618
ABalaappap:122,ABalaappap,122,13522,-11477,762,803,13522,45.8,521,363,28,158945
ABalaappp:82,ABalaappp,82,12650,-12349,-52,-54,12650,27.7,488,365,37,412655
ABalaapppa:114,ABalaapppa,114,12459,-12540,-173,-86,12459,37.8,522,359,31,228707
ABalaapppaa:179,ABalaapppaa,179,12213,-12786,-81,-68,12213,43.4,524,345,23,88097
ABalaapppap:179,ABalaapppap,179,12213,-12786,-49,-39,12213,39.8,509,379,22,106109
ABalaapppp:114,ABalaapppp,114,12414,-12585,-71,-73,12414,32.6,511,375,34,244075
ABalaappppa:161,ABalaappppa,161,12263,-12736,-94,-65,12263,39.2,539,343,27,118417
ABalaappppp:161,ABalaappppp,161,12282,-12717,5,28,12282,38.4,543,371,28,130696
ABalap:18,ABalap,18,12351,-12648,-91,-92,12351,29.0,517,341,58,1104605
ABalapa:35,ABalapa,35,13033,-11966,-59,-59,13033,31.7,537,351,49,681953
ABalapaa:55,ABalapaa,55,13527,-11472,503,506,13527,25.0,555,313,43,425520
ABalapaaa:81,ABalapaaa,81,12843,-12156,106,108,12843,28.0,566,253,36,364246
ABalapaaaa:119,ABalapaaaa,119,12446,-12553,-29,9,12446,33.8,559,213,31,263494
ABalapaaaaa:208,ABalapaaaaa,208,12243,-12756,-73,-66,12243,31.3,532,177,28,161241
ABalapaaaap:208,ABalapaaaap,208,12235,-12764,-69,-81,12235,28.9,509,160,27,140115
ABalapaaap:119,ABalapaaap,119,12481,-12518,-31,18,12481,30.3,552,193,32,264500
ABalapaaapa:166,ABalapaaapa,166,12273,-12726,-113,-98,12273,34.7,582,196,28,128514
ABalapaaapp:166,ABalapaaapp,166,12222,-12777,-112,-100,12222,31.8,562,170,27,143398
ABalapaap:81,ABalapaap,81,12872,-12127,124,130,12872,29.7,545,218,36,357890
ABalapaapa:115,ABalapaapa,115,12435,-12564,-194,-90,12435,39.2,543,186,31,256686
ABalapaapaa:187,ABalapaapaa,187,12088,-12911,-218,-221,12088,44.6,524,178,22,84308
ABalapaapap:187,ABalapaapap,187,12275,-12725,29,16,12275,39.8,512,141,23,103974
ABalapaapp:115,ABalapaapp,115,12453,-12546,-87,-76,12453,34.8,530,179,32,246161
ABalapaappa:158,ABalapaappa,158,12325,-12674,-167,-93,12325,39.7,549,192,27,156090
ABalapaappp:158,ABalapaappp,158,12285,-12714,-75,-43,12285,38.5,550,168,28,162710
ABalapap:55,ABalapap,55,13402,-11597,385,383,13402,25.9,495,338,43,400055
ABalapapa:79,ABalapapa,79,12865,-12134,74,88,12865,23.9,527,266,37,405978
ABalapapaa:118,ABalapapaa,118,12503,-12496,-162,-61,12503,24.0,546,256,28,192366
ABalapapap:118,ABalapapap,118,12360,-12639,-159,-144,12360,24.5,532,238,34,283436
ABalapapapa:160,ABalapapapa,160,12272,-12727,-296,-225,12272,24.1,557,241,27,118553
ABalapapapp:160,ABalapapapp,160,12272,-12727,-104,-116,12272,25.9,540,232,25,114008
ABalapapp:79,ABalapapp,79,12911,-12088,116,116,12911,30.0,488,208,37,363412
ABalapappa:112,ABalapappa,112,13240,-11759,568,569,13240,28.4,516,199,32,240266
ABalapappaa:153,ABalapappaa,153,12512,-12487,-2,-6,12512,32.1,565,220,26,113397
ABalapappap:153,ABalapappap,153,12405,-12594,-82,-97,12405,30.8,551,212,26,118572
ABalapappp:112,ABalapappp,112,13723,-11276,969,966,13723,23.7,476,186,30,205744
ABalapapppa:165,ABalapapppa,165,12434,-12565,-24,-25,12434,28.0,544,186,23,81817
ABalapapppp:165,ABalapapppp,165,12475,-12524,127,99,12475,24.6,535,180,22,58380
ABalapp:35,ABalapp,35,13036,-11963,-38,-38,13036,39.7,480,283,47,507391
ABalappa:55,ABalappa,55,12864,-12135,-81,-76,12864,29.9,514,333,41,430408
ABalappaa:87,ABalappaa,87,12611,-12388,-68,-59,12611,26.2,575,290,34,308705
ABalappaaa:129,ABalappaaa,129,12649,-12351,83,162,12649,31.9,585,254,25,106305
ABalappaap:129,ABalappaap,129,13112,-11887,529,579,13112,27.9,577,266,30,135980
ABalappaapa:194,ABalappaapa,194,12438,-12561,148,204,12438,32.2,610,266,29,115037
ABalappaapp:194,ABalappaapp,194,12266,-12733,-90,-41,12266,28.9,602,254,27,89514
ABalappap:87,ABalappap,87,12646,-12353,-37,-33,12646,22.3,540,326,38,380609
ABalappapa:119,ABalappapa,119,12341,-12658,-124,-66,12341,33.4,554,344,30,153382
ABalappapaa:197,ABalappapaa,197,12219,-12780,-72,-102,12219,35.8,533,339,23,61170
ABalappapap:197,ABalappapap,197,12105,-12895,-272,-345,12105,32.0,514,355,30,0
ABalappapp:119,ABalappapp,119,12398,-12601,-59,-58,12398,29.8,536,368,32,164279
ABalappappa:164,ABalappappa,164,12326,-12673,44,47,12326,33.9,570,353,26,63272
ABalappappp:164,ABalappappp,164,12296,-12703,-85,-59,12296,28.5,556,370,26,72819
ABalappp:55,ABalappp,55,12903,-12096,-83,-87,12903,33.3,432,305,44,385863
ABalapppa:78,ABalapppa,78,12641,-12359,-84,-87,12641,24.6,484,328,37,316521
ABalapppaa:111,ABalapppaa,111,12461,-12538,-74,-57,12461,26.7,550,315,31,177744
ABalapppaaa:160,ABalapppaaa,160,12321,-12678,-355,-282,12321,32.6,574,301,24,60717
ABalapppaap:160,ABalapppaap,160,12449,-12550,-50,3,12449,30.1,581,305,27,95529
ABalapppap:111,ABalapppap,111,12418,-12581,-109,-85,12418,24.8,520,326,31,171479
ABalapppapa:154,ABalapppapa,154,12359,-12640,-240,-164,12359,25.5,553,308,27,85490
ABalapppapp:154,ABalapppapp,154,12252,-12747,-145,-151,12252,24.7,527,309,23,74384
ABalapppp:78,ABalapppp,78,12665,-12334,-78,-80,12665,29.1,430,336,37,292289
ABalappppa:111,ABalappppa,111,12804,-12195,160,179,12804,26.4,492,347,31,176238
ABalappppaa:151,ABalappppaa,151,12421,-12578,-139,-148,12421,30.5,534,347,28,101272
ABalappppap:151,ABalappppap,151,12400,-12599,-145,-137,12400,28.0,523,347,25,89481
ABalappppp:111,ABalappppp,111,13262,-11737,495,519,13262,24.1,453,355,29,141850
ABalapppppa:159,ABalapppppa,159,12723,-12276,-500,-404,12723,22.5,506,362,22,58438
ABalapppppp:159,ABalapppppp,159,12455,-12544,4,-16,12455,23.1,512,357,23,58582
ABalp:7,ABalp,7,11569,-13430,-164,-164,11569,44.3,519,186,61,1059221
ABalpa:18,ABalpa,18,12436,-12563,-83,-83,12436,46.2,554,219,57,935367
ABalpaa:35,ABalpaa,35,13106,-11893,-55,-55,13106,36.4,568,207,49,758829
ABalpaaa:56,ABalpaaa,56,13760,-11239,638,666,13760,40.5,584,267,40,427113
ABalpaaaa:88,ABalpaaaa,88,12917,-12082,148,156,12917,52.3,551,286,36,375086
ABalpaaaaa:126,ABalpaaaaa,126,14146,-10853,1155,1307,14146,52.6,513,245,33,323332
ABalpaaaaaa:177,ABalpaaaaaa,177,12554,-12445,87,107,12554,46.7,511,231,28,254592
ABalpaaaaap:177,ABalpaaaaap,177,12783,-12216,160,264,12783,45.2,481,235,29,308850
ABalpaaaap:126,ABalpaaaap,126,14112,-10887,1096,1215,14112,54.1,484,250,31,293049
ABalpaaaapa:189,ABalpaaaapa,189,12400,-12599,84,134,12400,45.7,487,238,30,312851
ABalpaaaapp:189,ABalpaaaapp,189,12339,-12660,76,77,12339,48.3,474,236,28,287871
ABalpaaap:88,ABalpaaap,88,12981,-12018,148,143,12981,51.4,519,256,35,372188
ABalpaaapa:125,ABalpaaapa,125,14771,-10228,1844,1865,14771,47.6,473,246,30,285565
ABalpaaapaa:182,ABalpaaapaa,182,14097,-10902,1559,1594,14097,37.3,468,225,27,245244
ABalpaaapap:182,ABalpaaapap,182,13653,-11346,1024,1060,13653,39.3,488,216,26,195705
ABalpaaapp:125,ABalpaaapp,125,14215,-10784,1397,1377,14215,45.0,447,217,31,322436
ABalpaaappa:184,ABalpaaappa,184,12383,-12616,48,44,12383,38.5,434,199,26,172470
ABalpaaappp:184,ABalpaaappp,184,12356,-12643,36,47,12356,37.5,423,231,29,254646
ABalpaap:56,ABalpaap,56,13608,-11391,485,498,13608,40.7,562,220,45,466226
ABalpaapa:81,ABalpaapa,81,12911,-12088,38,45,12911,43.1,561,244,39,392444
ABalpaapaa:110,ABalpaapaa,110,12456,-12543,-176,-137,12456,47.0,550,262,31,272761
ABalpaapaaa:157,ABalpaapaaa,157,12267,-12732,-154,-100,12267,41.0,532,236,28,244024
ABalpaapaap:157,ABalpaapaap,157,12294,-12705,-81,-43,12294,38.8,513,229,27,188885
ABalpaapap:110,ABalpaapap,110,12586,-12413,-128,-116,12586,47.8,518,233,34,246261
ABalpaapapa:144,ABalpaapapa,144,12369,-12630,-224,-109,12369,38.8,494,225,29,200036
ABalpaapapp:144,ABalpaapapp,144,12373,-12626,-189,-87,12373,38.1,465,210,28,185293
ABalpaapp:81,ABalpaapp,81,13035,-11964,119,160,13035,46.1,505,212,36,367512
ABalpaappa:118,ABalpaappa,118,12493,-12506,-212,-86,12493,52.4,526,217,31,216338
ABalpaappaa:180,ABalpaappaa,180,12186,-12813,-126,-147,12186,49.4,545,248,26,123458
ABalpaappap:180,ABalpaappap,180,12293,-12706,-103,-75,12293,53.6,519,234,26,126639
ABalpaappp:118,ABalpaappp,118,12460,-12539,-257,-170,12460,50.5,494,198,29,192601
ABalpaapppa:171,ABalpaapppa,171,12306,-12694,-189,-146,12306,48.4,562,240,26,117266
ABalpaapppp:171,ABalpaapppp,171,12248,-12751,-209,-170,12248,51.4,542,220,22,75394
ABalpap:35,ABalpap,35,13126,-11873,-64,-64,13126,47.1,514,164,48,580967
ABalpapa:54,ABalpapa,54,12978,-12021,-97,-94,12978,51.3,547,225,43,377615
ABalpapaa:81,ABalpapaa,81,12695,-12304,-65,-60,12695,51.4,550,216,37,395750
ABalpapaaa:117,ABalpapaaa,117,12486,-12513,-161,-113,12486,54.2,479,215,34,365156
ABalpapaaaa:167,ABalpapaaaa,167,12418,-12581,-181,-59,12418,52.7,491,219,31,358203
ABalpapaaap:167,ABalpapaaap,167,12216,-12783,-146,-125,12216,54.2,443,220,31,296544
ABalpapaap:117,ABalpapaap,117,12379,-12620,-132,-82,12379,55.4,442,235,36,509432
ABalpapaapa:184,ABalpapaapa,184,12205,-12794,-62,-38,12205,53.6,490,251,30,308511
ABalpapaapp:184,ABalpapaapp,184,12231,-12768,17,5,12231,53.2,455,247,29,335326
ABalpapap:81,ABalpapap,81,12715,-12284,-85,-85,12715,54.4,499,206,38,376006
ABalpapapa:115,ABalpapapa,115,12425,-12574,-118,-105,12425,54.8,418,186,35,397537
ABalpapapaa:165,ABalpapapaa,165,12318,-12681,-51,-61,12318,54.0,411,215,29,287119
ABalpapapap:165,ABalpapapap,165,12365,-12634,-122,-62,12365,54.0,388,184,33,356671
ABalpapapp:115,ABalpapapp,115,12549,-12450,-145,-44,12549,53.6,394,157,35,458499
ABalpapappa:168,ABalpapappa,168,12355,-12644,-58,-20,12355,53.9,328,194,29,308199
ABalpapappp:168,ABalpapappp,168,12711,-12288,-82,108,12711,52.7,336,177,32,367348
ABalpapp:54,ABalpapp,54,13035,-11964,-94,-91,13035,51.6,471,178,44,365645
ABalpappa:77,ABalpappa,77,12724,-12275,-112,-120,12724,53.6,488,224,37,306572
ABalpappaa:107,ABalpappaa,107,12544,-12455,-220,-196,12544,52.1,453,238,32,324739
ABalpappaaa:158,ABalpappaaa,158,12468,-12531,-131,-23,12468,40.2,453,247,25,219909
ABalpappaap:158,ABalpappaap,158,12489,-12510,-178,-63,12489,45.0,452,225,29,272986
ABalpappap:107,ABalpappap,107,12533,-12466,-116,-121,12533,53.0,417,228,33,273143
ABalpappapa:145,ABalpappapa,145,12284,-12715,-79,-87,12284,50.8,438,242,29,290723
ABalpappapp:145,ABalpappapp,145,12230,-12769,-83,-98,12230,47.9,367,260,32,280814
ABalpappp:77,ABalpappp,77,12730,-12269,-130,-134,12730,52.7,438,243,39,316520
ABalpapppa:106,ABalpapppa,106,12471,-12528,-187,-156,12471,46.8,430,238,32,372468
ABalpapppaa:186,ABalpapppaa,186,12223,-12776,-120,-101,12223,41.1,443,200,28,255891
ABalpapppap:186,ABalpapppap,186,12244,-12755,-47,-48,12244,41.5,430,238,28,235957
ABalpapppp:106,ABalpapppp,106,12581,-12418,-99,-117,12581,50.6,384,229,36,310358
ABalpappppa:139,ABalpappppa,139,12233,-12766,-138,-163,12233,47.6,414,244,30,243749
ABalpappppp:139,ABalpappppp,139,12282,-12717,-85,-103,12282,46.2,388,227,31,208888
ABalpp:18,ABalpp,18,12449,-12550,-99,-99,12449,36.8,488,139,58,1086964
ABalppa:36,ABalppa,36,13137,-11862,-44,-45,13137,31.2,501,148,50,777719
ABalppaa:57,ABalppaa,57,13251,-11748,234,249,13251,43.9,553,178,41,415040
ABalppaaa:88,ABalppaaa,88,12746,-12253,-21,-16,12746,42.1,550,189,34,413876
ABalppaaaa:126,ABalppaaaa,126,12846,-12153,150,324,12846,48.8,537,172,28,254695
ABalppaaap:126,ABalppaaap,126,13691,-11308,934,1019,13691,46.0,530,174,33,373471
ABalppaaapa:179,ABalppaaapa,179,12346,-12653,-3,44,12346,47.2,544,159,33,332284
ABalppaaapaa:217,ABalppaaapaa,217,13121,-11879,803,838,13121,51.0,546,168,22,85132
ABalppaaapap:217,ABalppaaapap,217,12297,-12703,140,167,12297,49.0,528,164,26,145995
ABalppaaapp:179,ABalppaaapp,179,12367,-12632,-23,20,12367,51.5,532,167,30,268218
ABalppaap:88,ABalppaap,88,12732,-12267,-41,-40,12732,44.5,526,157,34,419727
ABalppaapa:121,ABalppaapa,121,12496,-12503,72,91,12496,49.2,509,149,29,293595
ABalppaapp:121,ABalppaapp,121,12337,-12662,-110,-88,12337,47.5,494,137,35,387986
ABalppaappa:173,ABalppaappa,173,12343,-12656,-38,-2,12343,54.0,499,177,29,223713
ABalppaappp:173,ABalppaappp,173,12225,-12774,-53,-73,12225,51.6,454,149,27,175847
ABalppap:57,ABalppap,57,13169,-11830,124,119,13169,42.9,500,157,43,376556
ABalppapa:83,ABalppapa,83,12831,-12168,-24,-30,12831,50.0,479,173,35,328732
ABalppapaa:115,ABalppapaa,115,13568,-11431,945,925,13568,52.5,486,172,32,312641
ABalppapaaa:175,ABalppapaaa,175,13031,-11968,519,531,13031,52.5,526,202,28,223729
ABalppapaap:175,ABalppapaap,175,12830,-12169,342,346,12830,54.4,508,195,29,248286
ABalppapap:115,ABalppapap,115,12820,-12179,246,258,12820,53.8,447,174,32,299990
ABalppapapa:169,ABalppapapa,169,12303,-12696,-20,-8,12303,53.8,457,200,27,207878
ABalppapapp:169,ABalppapapp,169,12301,-12698,-54,-45,12301,54.1,434,175,29,239917
ABalppapp:83,ABalppapp,83,12831,-12168,-16,-18,12831,52.0,431,174,37,342120
ABalppappa:112,ABalppappa,112,12512,-12487,-127,-74,12512,51.7,454,158,33,374973
ABalppappaa:165,ABalppappaa,165,12333,-12666,-153,-108,12333,48.0,516,186,28,254911
ABalppappap:165,ABalppappap,165,12328,-12671,-100,-100,12328,49.4,490,184,27,215291
ABalppappp:112,ABalppappp,112,12442,-12557,-79,-80,12442,53.0,412,134,32,284699
ABalppapppa:158,ABalppapppa,158,12238,-12761,-63,-69,12238,52.0,458,168,28,195335
ABalppapppp:158,ABalppapppp,158,12258,-12741,-152,-111,12258,50.3,445,179,28,227581
ABalppp:36,ABalppp,36,13162,-11837,-37,-38,13162,40.9,427,135,50,647273
ABalpppa:56,ABalpppa,56,12907,-12092,-90,-91,12907,38.3,479,189,43,412988
ABalpppaa:82,ABalpppaa,82,12734,-12265,-46,-43,12734,35.3,515,172,35,426830
ABalpppaaa:118,ABalpppaaa,118,13341,-11658,743,760,13341,40.2,539,146,30,278931
ABalpppaaaa:176,ABalpppaaaa,176,12474,-12526,150,174,12474,45.0,538,143,28,186688
ABalpppaaap:176,ABalpppaaap,176,12432,-12567,82,89,12432,49.4,519,147,26,155671
ABalpppaap:118,ABalpppaap,118,12907,-12092,402,405,12907,33.8,522,146,32,341890
ABalpppaapd:184,ABalpppaapd,184,12232,-12767,18,41,12232,36.0,554,143,30,243542
ABalpppaapv:184,ABalpppaapv,184,12296,-12703,72,107,12296,40.5,553,144,29,202833
ABalpppap:82,ABalpppap,82,12645,-12354,-135,-143,12645,36.7,479,149,36,418312
ABalpppapa:113,ABalpppapa,113,12391,-12608,-134,-105,12391,41.2,499,133,32,339552
ABalpppapad:169,ABalpppapad,169,12247,-12752,-39,-40,12247,46.2,492,124,28,202672
ABalpppapav:169,ABalpppapav,169,12271,-12728,-76,-68,12271,44.4,501,132,28,200941
ABalpppapp:113,ABalpppapp,113,12396,-12603,-102,-100,12396,35.3,478,117,32,339501
ABalpppappa:160,ABalpppappa,160,12276,-12723,-4,7,12276,35.8,493,125,28,215360
ABalpppappp:160,ABalpppappp,160,12208,-12791,-107,-120,12208,32.5,495,137,29,201150
ABalpppp:56,ABalpppp,56,12958,-12041,-93,-93,12958,40.3,420,154,43,386171
ABalppppa:79,ABalppppa,79,12686,-12313,-102,-113,12686,33.2,454,131,37,453740
ABalppppaa:111,ABalppppaa,111,12424,-12575,-92,-76,12424,34.4,507,131,32,328853
ABalppppaad:169,ABalppppaad,169,12168,-12831,-136,-155,12168,37.3,477,154,27,150242
ABalppppaav:169,ABalppppaav,169,12398,-12601,71,62,12398,38.8,489,155,24,152357
ABalppppap:111,ABalppppap,111,12410,-12589,-160,-143,12410,29.1,483,133,32,343358
ABalppppapa:164,ABalppppapa,164,12236,-12763,-64,-66,12236,34.3,532,177,28,170092
ABalppppapp:164,ABalppppapp,164,12299,-12700,-25,-43,12299,34.4,540,156,28,257538
ABalppppp:79,ABalppppp,79,12710,-12289,-68,-74,12710,34.5,393,133,38,417275
ABalpppppa:108,ABalpppppa,108,12407,-12592,-147,-135,12407,34.2,444,125,32,320011
ABalpppppaa:159,ABalpppppaa,159,12315,-12684,-8,-6,12315,37.7,455,151,27,196975
ABalpppppap:159,ABalpppppap,159,12259,-12740,-30,-48,12259,34.1,448,140,29,244665
ABalpppppp:108,ABalpppppp,108,12455,-12544,-123,-136,12455,31.6,403,116,35,348050
ABalppppppa:146,ABalppppppa,146,12208,-12791,-107,-120,12208,32.7,427,148,28,170359
ABalppppppaa:208,ABalppppppaa,208,12133,-12866,-197,-211,12133,35.2,433,110,24,72618
ABalppppppap:208,ABalppppppap,208,12202,-12797,-12,-39,12202,33.3,401,121,23,93451
ABalppppppp:146,ABalppppppp,146,12244,-12755,-78,-93,12244,29.8,429,121,32,211772
ABalpppppppa:202,ABalpppppppa,202,12261,-12738,-12,-11,12261,37.1,465,104,26,70581
ABalpppppppp:202,ABalpppppppp,202,12273,-12726,-39,-50,12273,40.7,431,99,23,54340
ABar:2,ABar,2,10934,-14065,-132,-133,10934,42.0,420,381,75,1760403
ABara:7,ABara,7,11616,-13383,-89,-89,11616,49.0,430,336,62,889624
ABaraa:18,ABaraa,18,12483,-12516,-52,-52,12483,50.7,482,330,57,839032
ABaraaa:35,ABaraaa,35,13184,-11815,32,32,13184,49.2,524,342,48,616973
ABaraaaa:56,ABaraaaa,56,13710,-11289,638,643,13710,48.7,543,345,41,432440
ABaraaaaa:86,ABaraaaaa,86,12946,-12053,183,184,12946,43.9,571,333,37,515655
ABaraaaaaa:123,ABaraaaaaa,123,14205,-10795,1373,1487,14205,49.4,540,272,32,285787
ABaraaaaaaa:176,ABaraaaaaaa,176,12399,-12600,56,62,12399,45.9,529,245,26,172190
ABaraaaaaap:176,ABaraaaaaap,176,12384,-12615,-147,-65,12384,44.3,516,238,28,213172
ABaraaaaap:123,ABaraaaaap,123,13894,-11105,1134,1178,13894,47.7,517,302,32,321687
ABaraaaaapa:180,ABaraaaaapa,180,12242,-12757,-63,-78,12242,45.0,524,285,24,155711
ABaraaaaapp:180,ABaraaaaapp,180,12274,-12725,-44,-27,12274,43.7,487,260,23,122687
ABaraaaap:86,ABaraaaap,86,12807,-12192,11,20,12807,47.6,543,317,33,380389
ABaraaaapa:126,ABaraaaapa,126,12654,-12345,-93,-3,12654,43.2,554,270,29,261169
ABaraaaapaa:196,ABaraaaapaa,196,12230,-12770,-18,-38,12230,42.0,545,262,25,139403
ABaraaaapap:196,ABaraaaapap,196,12269,-12731,84,55,12269,40.3,537,255,26,179125
ABaraaaapp:126,ABaraaaapp,126,12543,-12456,168,160,12543,33.9,480,260,27,241719
ABaraaap:56,ABaraaap,56,13539,-11460,421,436,13539,42.0,490,372,44,496498
ABaraaapa:80,ABaraaapa,80,12974,-12025,112,115,12974,46.9,525,358,37,401151
ABaraaapaa:111,ABaraaapaa,111,12479,-12520,-153,-87,12479,46.9,528,309,30,295491
ABaraaapaaa:162,ABaraaapaaa,162,12260,-12739,-150,-117,12260,42.3,530,277,29,253378
ABaraaapaap:162,ABaraaapaap,162,12257,-12742,-114,-93,12257,38.7,513,289,26,206114
ABaraaapap:111,ABaraaapap,111,12550,-12449,-120,-62,12550,48.1,494,312,32,271951
ABaraaapapa:148,ABaraaapapa,148,12377,-12622,-190,-104,12377,38.1,484,297,27,244058
ABaraaapapp:148,ABaraaapapp,148,12414,-12585,-117,-7,12414,36.7,454,317,30,304836
ABaraaapp:80,ABaraaapp,80,12956,-12043,120,142,12956,47.3,479,375,36,432524
ABaraaappa:120,ABaraaappa,120,12530,-12469,-173,-35,12530,51.2,511,318,31,267505
ABaraaappaa:178,ABaraaappaa,178,12193,-12806,-117,-125,12193,48.7,542,274,27,184761
ABaraaappap:178,ABaraaappap,178,12230,-12769,-82,-88,12230,51.0,520,295,24,138994
ABaraaappp:120,ABaraaappp,120,12460,-12539,-205,-104,12460,53.3,478,331,31,249912
ABaraaapppa:171,ABaraaapppa,171,12305,-12694,-233,-131,12305,49.6,542,296,25,136667
ABaraaapppp:171,ABaraaapppp,171,12293,-12706,-80,-16,12293,52.6,515,301,26,151936
ABaraap:35,ABaraap,35,13139,-11860,-11,-12,13139,52.1,454,287,48,532291
ABaraapa:55,ABaraapa,55,13019,-11980,-69,-51,13019,51.8,497,328,42,382636
ABaraapaa:81,ABaraapaa,81,12822,-12177,6,8,12822,49.5,532,280,35,392658
ABaraapaaa:113,ABaraapaaa,113,12465,-12534,-48,-49,12465,41.9,526,261,33,537830
ABaraapaaaa:169,ABaraapaaaa,169,12265,-12734,-26,-36,12265,35.8,538,250,32,498674
ABaraapaaap:169,ABaraapaaap,169,12240,-12759,-23,-35,12240,32.9,526,261,31,502692
ABaraapaap:113,ABaraapaap,113,12474,-12525,-71,-67,12474,40.6,498,274,32,480229
ABaraapaapa:158,ABaraapaapa,158,12269,-12730,-35,-35,12269,33.0,506,246,32,500210
ABaraapaapp:158,ABaraapaapp,158,12312,-12687,-43,-37,12312,31.1,464,229,34,547734
ABaraapap:81,ABaraapap,81,12773,-12226,-32,-37,12773,47.7,486,266,35,390834
ABaraapapa:112,ABaraapapa,112,13249,-11750,556,558,13249,40.6,478,245,34,441293
ABaraapapaa:152,ABaraapapaa,152,12404,-12595,-63,-15,12404,35.4,434,216,31,382553
ABaraapapap:152,ABaraapapap,152,12367,-12632,-93,-27,12367,32.6,406,217,31,391654
ABaraapapp:112,ABaraapapp,112,14007,-10992,1294,1288,14007,40.3,430,223,32,473658
ABaraapappa:171,ABaraapappa,171,12566,-12433,131,157,12566,37.8,399,201,29,358690
ABaraapappp:171,ABaraapappp,171,12597,-12402,187,199,12597,37.9,389,222,31,396487
ABaraapp:55,ABaraapp,55,12950,-12049,-124,-122,12950,53.3,442,301,43,367784
ABaraappa:79,ABaraappa,79,12691,-12308,-138,-134,12691,46.9,485,312,36,381117
ABaraappaa:110,ABaraappaa,110,12455,-12544,-121,-125,12455,38.7,510,317,31,416057
ABaraappaaa:169,ABaraappaaa,169,12208,-12791,-61,-67,12208,35.2,526,283,31,443869
ABaraappaap:169,ABaraappaap,169,12277,-12722,-10,-20,12277,32.3,519,293,31,457146
ABaraappap:110,ABaraappap,110,12438,-12561,-182,-161,12438,40.1,473,301,32,394533
ABaraappapa:154,ABaraappapa,154,12272,-12727,-61,-76,12272,32.7,493,299,31,416502
ABaraappapp:154,ABaraappapp,154,12242,-12757,-87,-95,12242,31.2,444,318,33,397159
ABaraappp:79,ABaraappp,79,12757,-12242,-90,-85,12757,48.8,423,294,38,436667
ABaraapppa:109,ABaraapppa,109,13281,-11718,494,500,13281,43.2,442,308,33,366084
ABaraapppaa:145,ABaraapppaa,145,12393,-12606,3,36,12393,36.9,430,328,31,335795
ABaraapppap:145,ABaraapppap,145,12363,-12636,-105,-40,12363,34.7,399,328,31,301610
ABaraapppp:109,ABaraapppp,109,13998,-11001,1296,1284,13998,40.4,391,307,34,479953
ABaraappppa:174,ABaraappppa,174,12518,-12481,158,152,12518,39.1,392,335,29,291882
ABaraappppp:174,ABaraappppp,174,12514,-12485,144,146,12514,38.9,388,298,30,275671
ABarap:18,ABarap,18,12469,-12530,-90,-90,12469,48.8,389,367,56,819600
ABarapa:35,ABarapa,35,13206,-11793,4,4,13206,48.9,442,382,50,623982
ABarapaa:56,ABarapaa,56,13737,-11262,577,591,13737,49.5,464,379,42,396417
ABarapaaa:82,ABarapaaa,82,13074,-11925,194,197,13074,53.9,504,326,36,469844
ABarapaaaa:119,ABarapaaaa,119,13605,-11394,619,789,13605,53.5,480,284,32,469469
ABarapaaaaa:172,ABarapaaaaa,172,12433,-12566,2,8,12433,46.0,497,285,29,404061
ABarapaaaap:172,ABarapaaaap,172,12384,-12615,-3,-14,12384,45.9,467,275,30,497568
ABarapaaap:119,ABarapaaap,119,13556,-11443,773,807,13556,53.9,444,272,32,484045
ABarapaaapa:179,ABarapaaapa,179,12341,-12658,39,58,12341,49.1,490,276,31,486614
ABarapaaapp:179,ABarapaaapp,179,12362,-12637,99,100,12362,50.6,477,280,32,591213
ABarapaap:82,ABarapaap,82,13106,-11893,219,215,13106,53.0,459,312,36,411715
ABarapaapa:113,ABarapaapa,113,13981,-11018,1236,1261,13981,46.6,468,314,34,588236
ABarapaapaa:178,ABarapaapaa,178,12917,-12082,482,518,12917,39.8,493,310,31,486742
ABarapaapap:178,ABarapaapap,178,12875,-12124,376,448,12875,37.6,477,326,30,463807
ABarapaapp:113,ABarapaapp,113,13907,-11092,1085,1090,13907,47.5,422,275,35,502214
ABarapaappa:152,ABarapaappa,152,12993,-12006,460,502,12993,40.2,447,311,35,615328
ABarapaappp:152,ABarapaappp,152,12886,-12113,333,419,12886,39.8,417,284,34,512117
ABarapap:56,ABarapap,56,13593,-11406,455,448,13593,50.9,402,358,43,369076
ABarapapa:78,ABarapapa,78,12934,-12065,71,68,12934,52.5,448,368,37,383963
ABarapapaa:108,ABarapapaa,108,12697,-12302,-53,38,12697,52.9,451,322,33,443896
ABarapapaaa:159,ABarapapaaa,159,12643,-12356,-17,105,12643,45.2,479,306,28,350866
ABarapapaap:159,ABarapapaap,159,12505,-12494,-58,11,12505,44.2,460,294,30,417728
ABarapapap:108,ABarapapap,108,12522,-12477,-108,-112,12522,54.1,410,305,33,385545
ABarapapapa:150,ABarapapapa,150,12266,-12733,-99,-78,12266,52.5,447,286,32,474869
ABarapapapp:150,ABarapapapp,150,12256,-12743,-77,-107,12256,48.9,381,274,33,438258
ABarapapp:78,ABarapapp,78,13001,-11998,107,105,13001,52.9,400,326,37,370460
ABarapappa:107,ABarapappa,107,12520,-12479,-124,-86,12520,47.0,412,314,34,561503
ABarapappaa:189,ABarapappaa,189,12417,-12582,34,96,12417,41.6,448,315,28,318773
ABarapappap:189,ABarapappap,189,12237,-12762,-109,-32,12237,40.2,428,319,28,319838
ABarapappp:107,ABarapappp,107,12537,-12462,-101,-109,12537,52.9,373,289,36,400663
ABarapapppa:141,ABarapapppa,141,12327,-12672,-87,-99,12327,47.2,399,289,30,333751
ABarapapppp:141,ABarapapppp,141,12274,-12725,-101,-102,12274,46.5,385,291,32,332515
ABarapp:35,ABarapp,35,13189,-11810,-5,-4,13189,51.6,364,336,47,516205
ABarappa:55,ABarappa,55,12987,-12012,-70,-60,12987,52.8,355,364,42,362810
ABarappaa:81,ABarappaa,81,12709,-12290,-72,-74,12709,53.2,404,374,37,472964
ABarappaaa:119,ABarappaaa,119,12453,-12546,-55,-35,12453,54.1,420,331,32,429649
ABarappaaaa:176,ABarappaaaa,176,12258,-12741,-70,-52,12258,51.4,482,308,28,341147
ABarappaaap:176,ABarappaaap,176,12206,-12793,-143,-151,12206,51.9,435,324,26,264826
ABarappaap:119,ABarappaap,119,12390,-12609,-105,-91,12390,54.7,376,315,34,472540
ABarappaapa:178,ABarappaapa,178,12224,-12775,-14,-30,12224,53.3,444,287,30,391285
ABarappaapp:178,ABarappaapp,178,12237,-12762,-29,-62,12237,50.5,415,275,26,283621
ABarappap:81,ABarappap,81,12681,-12318,-120,-124,12681,52.5,350,350,37,422721
ABarappapa:113,ABarappapa,113,12480,-12519,-97,-69,12480,54.3,372,360,33,426370
ABarappapaa:163,ABarappapaa,163,12284,-12715,-45,-39,12284,53.9,417,322,30,352275
ABarappapap:163,ABarappapap,163,12345,-12654,-114,-48,12345,54.0,384,333,35,434181
ABarappapp:113,ABarappapp,113,12593,-12407,-56,25,12593,54.6,327,356,35,504410
ABarappappa:165,ABarappappa,165,12259,-12740,-152,-121,12259,52.9,318,333,30,358077
ABarappappp:165,ABarappappp,165,12436,-12563,-197,-103,12436,52.0,319,334,30,358212
ABarappp:55,ABarappp,55,12976,-12023,-78,-79,12976,48.1,325,356,42,387094
ABarapppa:79,ABarapppa,79,12721,-12278,-74,-79,12721,48.2,414,400,37,429973
ABarapppaa:112,ABarapppaa,112,13136,-11863,519,515,13136,51.1,460,372,32,368100
ABarapppaaa:169,ABarapppaaa,169,12835,-12164,362,378,12835,51.1,527,329,28,244990
ABarapppaap:169,ABarapppaap,169,12652,-12347,318,329,12652,53.9,496,327,31,314686
ABarapppap:112,ABarapppap,112,12709,-12290,111,121,12709,53.1,428,362,32,381185
ABarapppapa:167,ABarapppapa,167,12338,-12661,-17,-23,12338,53.0,467,328,27,248687
ABarapppapp:167,ABarapppapp,167,12236,-12763,-74,-90,12236,53.8,442,342,31,315339
ABarapppp:79,ABarapppp,79,12744,-12255,-56,-67,12744,47.1,366,389,36,393841
ABarappppa:111,ABarappppa,111,12543,-12456,-114,-94,12543,49.4,415,370,33,426361
ABarappppaa:163,ABarappppaa,163,12286,-12713,-114,-105,12286,46.0,510,344,29,287529
ABarappppap:163,ABarappppap,163,12252,-12748,-103,-119,12252,48.4,491,348,29,284190
ABarappppp:111,ABarappppp,111,12441,-12558,-70,-77,12441,51.4,368,389,34,390489
ABarapppppa:158,ABarapppppa,158,12295,-12704,-20,-36,12295,50.0,446,354,28,227142
ABarapppppp:158,ABarapppppp,158,12267,-12732,-91,-85,12267,49.7,436,349,26,228046
ABarp:7,ABarp,7,11530,-13469,-94,-94,11530,28.2,404,369,65,1250523
ABarpa:18,ABarpa,18,12366,-12633,-80,-79,12366,28.8,426,372,58,1052563
ABarpaa:36,ABarpaa,36,13026,-11973,-85,-84,13026,33.4,472,396,50,749655
ABarpaaa:55,ABarpaaa,55,12913,-12086,8,6,12913,27.2,479,372,44,517630
ABarpaaaa:86,ABarpaaaa,86,13495,-11504,681,685,13495,19.5,505,275,36,406279
ABarpaaaaa:126,ABarpaaaaa,126,14928,-10071,2251,2272,14928,21.0,547,281,32,265376
ABarpaaaaal:192,ABarpaaaaal,192,12495,-12504,201,224,12495,26.0,597,263,34,248404
ABarpaaaaar:192,ABarpaaaaar,192,12493,-12506,192,221,12493,30.5,603,286,27,123764
ABarpaaaap:126,ABarpaaaap,126,14043,-10956,1257,1318,14043,18.1,512,282,31,244093
ABarpaaaapa:197,ABarpaaaapa,197,12321,-12678,38,66,12321,25.4,594,285,29,144175
ABarpaaaapp:197,ABarpaaaapp,197,12368,-12631,88,93,12368,23.4,572,311,32,183838
ABarpaaap:86,ABarpaaap,86,13502,-11497,665,663,13502,23.6,464,249,34,350377
ABarpaaapa:123,ABarpaaapa,123,14282,-10718,1464,1525,14282,20.6,491,254,34,270792
ABarpaaapaa:180,ABarpaaapaa,180,12525,-12474,-102,30,12525,22.5,570,260,30,220665
ABarpaaapap:180,ABarpaaapap,180,12414,-12585,8,-10,12414,21.6,554,234,29,141602
ABarpaaapp:123,ABarpaaapp,123,13059,-11940,579,576,13059,18.5,480,247,26,153094
ABarpaap:55,ABarpaap,55,12908,-12091,-53,-54,12908,28.9,414,397,46,465363
ABarpaapa:79,ABarpaapa,79,12659,-12340,-40,-42,12659,20.4,425,309,39,371464
ABarpaapaa:114,ABarpaapaa,114,12274,-12725,-91,-86,12274,18.9,465,282,30,157830
ABarpaapap:114,ABarpaapap,114,12305,-12694,-69,-71,12305,19.9,384,261,35,190540
ABarpaapp:79,ABarpaapp,79,12633,-12366,-83,-83,12633,22.6,351,279,39,310837
ABarpaappa:113,ABarpaappa,113,12262,-12737,-64,-70,12262,20.0,371,275,34,189164
ABarpaappp:113,ABarpaappp,113,12292,-12707,-58,-64,12292,20.2,327,253,35,176274
ABarpap:36,ABarpap,36,13030,-11969,-61,-62,13030,34.8,424,322,49,613781
ABarpapa:56,ABarpapa,56,12848,-12151,-71,-70,12848,27.3,437,328,42,403563
ABarpapaa:82,ABarpapaa,82,12648,-12351,-110,-86,12648,24.1,455,286,35,356230
ABarpapaaa:120,ABarpapaaa,120,12332,-12667,-253,-167,12332,19.2,516,319,33,324114
ABarpapaaaa:185,ABarpapaaaa,185,12185,-12814,-151,-123,12185,27.8,573,308,28,184184
ABarpapaaap:185,ABarpapaaap,185,12252,-12747,-58,-69,12252,23.8,551,320,30,204782
ABarpapaap:120,ABarpapaap,120,12337,-12662,-159,-141,12337,21.0,474,326,32,267822
ABarpapaapa:164,ABarpapaapa,164,12236,-12763,-90,-104,12236,29.1,504,332,25,148284
ABarpapaapp:164,ABarpapaapp,164,12194,-12805,-126,-142,12194,24.0,514,327,31,190523
ABarpapap:82,ABarpapap,82,12640,-12359,-60,-66,12640,25.2,412,280,37,359168
ABarpapapa:116,ABarpapapa,116,12293,-12706,-163,-106,12293,19.9,490,287,34,322231
ABarpapapp:116,ABarpapapp,116,12261,-12738,-83,-86,12261,19.3,433,300,34,291766
ABarpapp:56,ABarpapp,56,12861,-12138,-83,-83,12861,32.4,372,320,44,395289
ABarpappa:81,ABarpappa,81,12661,-12338,-20,-25,12661,24.6,392,336,37,329871
ABarpappaa:121,ABarpappaa,121,12281,-12718,-65,-55,12281,21.4,483,362,30,204072
ABarpappap:121,ABarpappap,121,12232,-12767,-60,-67,12232,22.8,455,383,32,195210
ABarpappp:81,ABarpappp,81,12653,-12346,-53,-59,12653,25.0,347,338,37,294419
ABarpapppa:116,ABarpapppa,116,12289,-12710,-56,-60,12289,20.3,394,381,34,221210
ABarpapppaa:190,ABarpapppaa,190,12084,-12915,-108,-94,12084,25.1,469,415,29,128426
ABarpapppap:190,ABarpapppap,190,12201,-12798,13,16,12201,28.1,483,416,29,124140
ABarpapppp:116,ABarpapppp,116,12261,-12738,-51,-56,12261,24.8,376,393,32,159417
ABarpp:18,ABarpp,18,12394,-12605,-94,-94,12394,27.4,318,369,59,1063717
ABarppa:37,ABarppa,37,13066,-11933,-30,-31,13066,25.8,396,378,51,705096
ABarppaa:56,ABarppaa,56,12828,-12171,-81,-83,12828,23.5,369,346,45,396089
ABarppaaa:83,ABarppaaa,83,12630,-12369,-81,-86,12630,22.3,360,221,36,312089
ABarppaaaa:121,ABarppaaaa,121,12255,-12744,-51,-57,12255,19.8,368,188,29,188780
ABarppaaap:121,ABarppaaap,121,12250,-12749,-61,-63,12250,23.0,335,133,33,179757
ABarppaap:83,ABarppaap,83,12663,-12336,-2,-5,12663,21.9,296,216,38,302425
ABarppaapa:118,ABarppaapa,118,12260,-12739,-66,-68,12260,19.9,304,249,36,193835
ABarppaapp:118,ABarppaapp,118,12274,-12725,-35,-36,12274,21.7,278,154,31,148596
ABarppap:56,ABarppap,56,12809,-12190,-83,-85,12809,26.1,323,289,43,359181
ABarppapa:85,ABarppapa,85,12592,-12407,-93,-94,12592,24.1,267,175,37,296911
ABarppapaa:125,ABarppapaa,125,12220,-12779,-53,-59,12220,21.9,307,123,30,137550
ABarppapap:125,ABarppapap,125,12219,-12780,-86,-86,12219,25.0,265,119,30,137378
ABarppapp:85,ABarppapp,85,12613,-12386,-63,-64,12613,27.9,199,170,38,332037
ABarppappa:124,ABarppappa,124,12235,-12764,-79,-81,12235,27.0,181,132,31,152182
ABarppappp:124,ABarppappp,124,12284,-12715,-69,-73,12284,35.5,121,145,33,181467
ABarppp:37,ABarppp,37,13029,-11970,-126,-126,13029,33.6,321,344,50,626452
ABarpppa:56,ABarpppa,56,12857,-12142,-86,-89,12857,30.4,308,344,43,373700
ABarpppaa:82,ABarpppaa,82,12627,-12372,-69,-71,12627,22.3,317,312,36,264179
ABarpppaaa:122,ABarpppaaa,122,12262,-12737,-25,-31,12262,20.6,375,351,30,180146
ABarpppaap:122,ABarpppaap,122,12230,-12769,-78,-81,12230,23.0,332,390,31,119830
ABarpppap:82,ABarpppap,82,12630,-12369,-77,-78,12630,22.5,270,310,37,273764
ABarpppapa:116,ABarpppapa,116,12264,-12735,-90,-93,12264,19.9,295,321,36,156552
ABarpppapp:116,ABarpppapp,116,12254,-12745,-83,-84,12254,23.3,258,376,31,144988
ABarpppp:56,ABarpppp,56,12882,-12117,-77,-77,12882,31.8,240,309,44,395364
ABarppppa:83,ABarppppa,83,12617,-12382,-74,-77,12617,22.6,233,337,38,317220
ABarppppaa:124,ABarppppaa,124,12248,-12751,-69,-71,12248,25.3,295,410,32,207155
ABarppppap:124,ABarppppap,124,12266,-12733,-107,-109,12266,29.0,244,406,32,214363
ABarppppp:83,ABarppppp,83,12626,-12373,-77,-79,12626,25.7,177,314,38,324302
ABarpppppa:121,ABarpppppa,121,12268,-12731,-74,-78,12268,28.9,168,378,31,167931
ABarpppppp:121,ABarpppppp,121,12247,-12752,-63,-67,12247,36.6,110,351,31,175040
ABp:1,ABp,1,11084,-13916,-8,-9,11084,47.0,250,390,78,990407
ABpl:2,ABpl,2,10900,-14099,-96,-96,10900,30.4,360,197,74,2357977
ABpla:7,ABpla,7,11539,-13460,-74,-74,11539,26.2,439,217,63,1328633
ABplaa:18,ABplaa,18,12331,-12668,-94,-94,12331,26.1,491,232,60,1276129
ABplaaa:34,ABplaaa,34,12907,-12092,-104,-104,12907,23.6,520,261,52,784764
ABplaaaa:52,ABplaaaa,52,12932,-12067,-85,-84,12932,25.7,559,252,46,496906
ABplaaaaa:77,ABplaaaaa,77,12677,-12322,-43,-42,12677,25.4,537,204,40,501566
ABplaaaaaa:114,ABplaaaaaa,114,12358,-12641,-254,-171,12358,18.9,519,221,34,452029
ABplaaaaaaa:181,ABplaaaaaaa,181,12308,-12691,-87,-91,12308,26.8,573,225,29,228001
ABplaaaaaap:181,ABplaaaaaap,181,12239,-12760,-76,-74,12239,21.6,545,217,32,298759
ABplaaaaap:114,ABplaaaaap,114,12366,-12633,-165,-147,12366,22.0,482,212,33,363416
ABplaaaaapa:158,ABplaaaaapa,158,12427,-12572,65,45,12427,26.3,527,207,26,193800
ABplaaaaapp:158,ABplaaaaapp,158,12214,-12785,-117,-115,12214,22.8,514,202,33,293839
ABplaaaap:77,ABplaaaap,77,12643,-12356,-84,-85,12643,22.3,495,192,39,460744
ABplaaaapa:112,ABplaaaapa,112,12279,-12720,-92,-84,12279,20.0,468,207,34,377424
ABplaaaapp:112,ABplaaaapp,112,12290,-12709,-77,-83,12290,20.0,444,233,35,389313
ABplaaap:52,ABplaaap,52,12921,-12078,-52,-53,12921,23.5,489,254,46,437730
ABplaaapa:78,ABplaaapa,78,12672,-12327,-41,-40,12672,21.4,451,202,37,420814
ABplaaapaa:117,ABplaaapaa,117,12310,-12689,-78,-69,12310,22.2,489,169,30,320443
ABplaaapap:117,ABplaaapap,117,12263,-12736,-83,-91,12263,22.9,458,147,35,363942
ABplaaapp:78,ABplaaapp,78,12613,-12386,-101,-105,12613,23.8,401,190,40,408123
ABplaaappa:111,ABplaaappa,111,12272,-12727,-80,-89,12272,22.7,419,144,33,311522
ABplaaappp:111,ABplaaappp,111,12297,-12702,-52,-57,12297,22.9,377,144,35,293435
ABplaap:34,ABplaap,34,12915,-12084,-115,-115,12915,26.3,447,195,50,685620
ABplaapa:52,ABplaapa,52,12945,-12054,-52,-53,12945,25.4,517,187,46,482188
ABplaapaa:78,ABplaapaa,78,12662,-12337,-91,-90,12662,29.6,505,146,40,502470
ABplaapaaa:112,ABplaapaaa,112,13997,-11002,1326,1358,13997,22.3,531,177,35,457683
ABplaapaaaa:172,ABplaapaaaa,172,12809,-12190,334,365,12809,30.8,593,236,30,250478
ABplaapaaap:172,ABplaapaaap,172,12695,-12304,292,289,12695,28.3,581,196,30,244626
ABplaapaap:112,ABplaapaap,112,13345,-11654,651,696,13345,23.1,488,156,35,427677
ABplaapaapa:162,ABplaapaapa,162,12351,-12648,23,47,12351,29.6,540,151,30,276706
ABplaapaapp:162,ABplaapaapp,162,12403,-12596,60,63,12403,30.2,513,139,32,263978
ABplaapap:78,ABplaapap,78,12697,-12302,-39,-41,12697,23.7,455,138,40,470342
ABplaapapa:111,ABplaapapa,111,12384,-12615,-74,-95,12384,27.5,460,143,34,424185
ABplaapapaa:172,ABplaapapaa,172,12285,-12714,10,-6,12285,32.9,454,156,31,315771
ABplaapapap:172,ABplaapapap,172,12229,-12770,-61,-98,12229,28.8,440,151,30,302196
ABplaapapp:111,ABplaapapp,111,12424,-12575,-130,-108,12424,24.4,432,146,35,427922
ABplaapappa:156,ABplaapappa,156,12281,-12718,-87,-108,12281,29.6,479,166,29,270283
ABplaapappp:156,ABplaapappp,156,12188,-12811,-106,-131,12188,26.2,458,143,34,326582
ABplaapp:52,ABplaapp,52,12914,-12085,-84,-84,12914,27.6,434,180,46,436720
ABplaappa:79,ABplaappa,79,12640,-12359,-80,-82,12640,26.1,411,109,39,467700
ABplaappaa:114,ABplaappaa,114,12364,-12635,5,6,12364,36.6,435,117,30,264284
ABplaappap:114,ABplaappap,114,12304,-12695,-73,-81,12304,36.5,397,106,32,243183
ABplaappp:79,ABplaappp,79,12705,-12294,-74,-78,12705,30.3,345,101,41,435199
ABplaapppa:111,ABplaapppa,111,12376,-12623,-61,-63,12376,38.0,358,99,34,302914
ABplaapppp:111,ABplaapppp,111,12371,-12628,-78,-70,12371,37.9,313,97,33,220625
ABplap:18,ABplap,18,12360,-12639,-51,-51,12360,26.7,367,238,59,1078075
ABplapa:35,ABplapa,35,12965,-12034,-59,-60,12965,26.0,415,280,51,727714
ABplapaa:54,ABplapaa,54,12843,-12156,-45,-47,12843,23.0,428,237,43,386980
ABplapaaa:82,ABplapaaa,82,12678,-12321,-13,-14,12678,22.6,371,135,38,480069
ABplapaaaa:117,ABplapaaaa,117,12330,-12669,-59,-66,12330,25.2,357,142,34,441384
ABplapaaaaa:171,ABplapaaaaa,171,12288,-12711,24,7,12288,22.2,388,136,28,218121
ABplapaaaap:171,ABplapaaaap,171,12191,-12808,-76,-90,12191,22.7,379,162,31,286406
ABplapaaap:117,ABplapaaap,117,12347,-12652,-55,-67,12347,25.9,332,117,36,493666
ABplapaaapa:169,ABplapaaapa,169,12174,-12825,-93,-101,12174,28.2,374,140,32,302801
ABplapaaapp:169,ABplapaaapp,169,12265,-12734,-65,-76,12265,30.7,342,136,30,261700
ABplapaap:82,ABplapaap,82,12670,-12329,-19,-20,12670,24.1,315,143,39,478788
ABplapaapa:120,ABplapaapa,120,12570,-12429,156,160,12570,34.8,329,110,31,387926
ABplapaapp:120,ABplapaapp,120,12611,-12388,146,162,12611,32.6,280,106,33,382478
ABplapap:54,ABplapap,54,12903,-12096,-43,-44,12903,25.5,362,255,45,373412
ABplapapa:78,ABplapapa,78,12668,-12331,-24,-23,12668,22.5,280,145,39,368339
ABplapapaa:112,ABplapapaa,112,12263,-12736,-98,-104,12263,29.1,161,125,34,265144
ABplapapap:112,ABplapapap,112,12708,-12291,236,273,12708,37.3,160,121,31,249553
ABplapapp:78,ABplapapp,78,12654,-12345,-45,-49,12654,29.0,207,141,39,404083
ABplapappa:110,ABplapappa,110,12753,-12246,286,293,12753,42.8,143,132,32,238035
ABplapappp:110,ABplapappp,110,12391,-12608,-59,-66,12391,44.2,110,160,32,232855
ABplapapppa:170,ABplapapppa,170,12390,-12609,56,43,12390,40.5,118,139,25,122700
ABplapapppp:170,ABplapapppp,170,12213,-12786,-107,-108,12213,44.0,92,173,30,121945
ABplapp:35,ABplapp,35,12962,-12037,-82,-82,12962,26.5,352,211,51,700908
ABplappa:54,ABplappa,54,12894,-12105,-68,-69,12894,25.8,369,184,46,409886
ABplappaa:78,ABplappaa,78,12666,-12333,-103,-104,12666,29.3,299,98,40,424257
ABplappaaa:111,ABplappaaa,111,13119,-11880,551,555,13119,37.6,267,106,32,302916
ABplappaap:111,ABplappaap,111,13151,-11848,606,633,13151,37.7,225,108,33,295009
ABplappap:78,ABplappap,78,12663,-12336,-67,-67,12663,28.3,238,101,40,444148
ABplappapa:111,ABplappapa,111,12311,-12688,-44,-45,12311,27.0,227,114,33,269843
ABplappapp:111,ABplappapp,111,12885,-12114,347,394,12885,38.9,191,115,31,259979
ABplappp:54,ABplappp,54,12847,-12152,-78,-79,12847,25.8,288,173,44,404057
ABplapppa:80,ABplapppa,80,12682,-12317,-43,-48,12682,36.7,207,107,37,393322
ABplapppaa:119,ABplapppaa,119,12370,-12629,-73,-91,12370,44.8,164,142,30,282422
ABplapppaaa:184,ABplapppaaa,184,12255,-12744,-110,-119,12255,42.5,147,140,28,188759
ABplapppaap:184,ABplapppaap,184,12279,-12720,-24,-29,12279,43.7,118,137,27,198206
ABplapppap:119,ABplapppap,119,12348,-12651,-94,-109,12348,49.1,162,154,32,232756
ABplapppapa:166,ABplapppapa,166,12258,-12741,-50,-77,12258,49.4,129,158,25,164565
ABplapppapp:166,ABplapppapp,166,12233,-12766,-86,-101,12233,49.2,129,184,26,126963
ABplapppp:80,ABplapppp,80,12642,-12357,-61,-61,12642,40.6,162,123,38,373572
ABplappppa:118,ABplappppa,118,12268,-12731,-106,-119,12268,50.6,145,149,32,269786
ABplappppp:118,ABplappppp,118,12300,-12699,-44,-44,12300,51.5,114,178,31,232374
ABplp:7,ABplp,7,11553,-13446,-108,-108,11553,31.5,313,133,63,1562005
ABplpa:18,ABplpa,18,12374,-12625,-91,-91,12374,31.1,375,111,58,1346271
ABplpaa:34,ABplpaa,34,13003,-11996,-67,-67,13003,26.8,386,117,51,812800
ABplpaaa:54,ABplpaaa,54,12978,-12021,-80,-78,12978,37.2,465,114,43,457344
ABplpaaaa:79,ABplpaaaa,79,12716,-12283,-117,-123,12716,46.5,481,131,37,443803
ABplpaaaaa:112,ABplpaaaaa,112,12463,-12536,-145,-122,12463,45.8,464,150,34,477410
ABplpaaaaaa:164,ABplpaaaaaa,164,12289,-12710,-57,-79,12289,45.3,496,169,31,412196
ABplpaaaaap:164,ABplpaaaaap,164,12274,-12725,-102,-111,12274,44.1,457,141,30,304876
ABplpaaaap:112,ABplpaaaap,112,12440,-12559,-88,-98,12440,48.0,419,120,35,513153
ABplpaaaapa:160,ABplpaaaapa,160,12435,-12564,-67,-8,12435,52.7,363,163,30,286270
ABplpaaaapp:160,ABplpaaaapp,160,12258,-12741,-51,-65,12258,51.1,306,163,30,296574
ABplpaaap:79,ABplpaaap,79,12735,-12264,-53,-56,12735,47.4,433,115,37,466571
ABplpaaapa:111,ABplpaaapa,111,12432,-12567,-70,-68,12432,46.0,441,113,34,493542
ABplpaaapaa:177,ABplpaaapaa,177,12300,-12699,-24,5,12300,50.1,490,144,28,249275
ABplpaaapap:177,ABplpaaapap,177,12215,-12784,-61,-65,12215,47.3,461,131,29,316986
ABplpaaapp:111,ABplpaaapp,111,12436,-12563,-79,-97,12436,46.8,406,107,33,425073
ABplpaaappa:160,ABplpaaappa,160,12232,-12767,-93,-95,12232,46.8,452,141,30,284855
ABplpaaappp:160,ABplpaaappp,160,12270,-12729,-47,-57,12270,45.1,425,147,31,340750
ABplpaap:54,ABplpaap,54,12932,-12067,-68,-72,12932,28.9,416,118,44,489109
ABplpaapa:79,ABplpaapa,79,12712,-12287,-93,-101,12712,39.5,456,108,38,530515
ABplpaapaa:114,ABplpaapaa,114,13023,-11976,493,476,13023,41.7,467,121,33,423598
ABplpaapaaa:164,ABplpaapaaa,164,12361,-12638,42,28,12361,40.9,490,167,31,484559
ABplpaapaap:164,ABplpaapaap,164,12410,-12589,73,73,12410,40.3,445,124,29,315147
ABplpaapap:114,ABplpaapap,114,12896,-12103,362,354,12896,37.8,437,91,33,432782
ABplpaapapa:165,ABplpaapapa,165,12249,-12750,12,27,12249,37.6,499,108,32,333497
ABplpaapapp:165,ABplpaapapp,165,12402,-12597,112,117,12402,45.1,456,116,29,306235
ABplpaapp:79,ABplpaapp,79,12717,-12282,-82,-88,12717,39.5,385,91,39,500672
ABplpaappa:110,ABplpaappa,110,12403,-12596,-114,-124,12403,37.2,399,108,33,378488
ABplpaappaa:160,ABplpaappaa,160,12267,-12732,-54,-64,12267,36.8,414,129,32,277949
ABplpaappap:160,ABplpaappap,160,12245,-12754,-75,-95,12245,34.3,388,123,31,279590
ABplpaappp:110,ABplpaappp,110,12467,-12532,-74,-83,12467,39.5,375,88,33,375814
ABplpaapppa:156,ABplpaapppa,156,12297,-12702,-35,-59,12297,44.9,426,133,29,247181
ABplpaapppp:156,ABplpaapppp,156,12218,-12781,-74,-85,12218,46.4,417,136,27,192051
ABplpap:34,ABplpap,34,13042,-11958,-81,-81,13042,35.1,297,94,49,775970
ABplpapa:54,ABplpapa,54,12958,-12041,-73,-72,12958,43.8,389,106,43,428051
ABplpapaa:80,ABplpapaa,80,12764,-12235,-45,-50,12764,52.4,398,144,35,352269
ABplpapaaa:118,ABplpapaaa,118,13773,-11226,1027,1076,13773,50.2,375,158,32,326905
ABplpapaaaa:175,ABplpapaaaa,175,12440,-12559,86,69,12440,50.7,412,202,28,217220
ABplpapaaap:175,ABplpapaaap,175,12850,-12149,-199,96,12850,50.1,385,192,27,193859
ABplpapaap:118,ABplpapaap,118,13800,-11199,1085,1140,13800,49.4,350,143,32,334476
ABplpapaapa:174,ABplpapaapa,174,12360,-12639,20,23,12360,49.3,416,181,26,166998
ABplpapaapp:174,ABplpapaapp,174,12285,-12714,-71,-70,12285,49.0,390,171,27,208348
ABplpapap:80,ABplpapap,80,12726,-12273,-83,-89,12726,53.9,359,146,36,337792
ABplpapapa:113,ABplpapapa,113,12792,-12207,137,171,12792,54.3,337,151,32,293986
ABplpapapaa:162,ABplpapapaa,162,15354,-9645,2397,2578,15354,48.4,356,186,30,274182
ABplpapapap:162,ABplpapapap,162,14980,-10019,1990,2241,14980,49.4,338,175,29,252886
ABplpapapp:113,ABplpapapp,113,12389,-12610,-98,-107,12389,54.6,300,178,31,272373
ABplpapappa:162,ABplpapappa,162,12276,-12723,-194,-159,12276,50.4,322,206,27,190978
ABplpapappp:162,ABplpapappp,162,12303,-12696,-5,-18,12303,51.4,281,239,27,169431
ABplpapp:54,ABplpapp,54,13000,-11999,-103,-105,13000,41.5,316,93,45,466801
ABplpappa:77,ABplpappa,77,12734,-12265,-95,-99,12734,53.7,344,157,38,320312
ABplpappaa:109,ABplpappaa,109,12514,-12485,-125,-131,12514,53.7,362,194,39,330386
ABplpappaaa:149,ABplpappaaa,149,12263,-12736,-74,-101,12263,53.3,391,234,30,244750
ABplpappaap:149,ABplpappaap,149,12280,-12719,-178,-176,12280,52.4,341,224,34,195562
ABplpappap:109,ABplpappap,109,12475,-12524,0,-2,12475,47.6,313,190,28,239078
ABplpappp:77,ABplpappp,77,12720,-12279,-90,-94,12720,54.2,283,155,38,356971
ABplpapppa:115,ABplpapppa,115,12419,-12580,-77,-94,12419,54.5,264,227,33,277235
ABplpapppaa:161,ABplpapppaa,161,12283,-12716,-123,-86,12283,53.0,243,242,28,161375
ABplpapppap:161,ABplpapppap,161,12299,-12700,-205,-187,12299,52.9,224,278,27,167461
ABplpapppp:115,ABplpapppp,115,12414,-12585,-60,-69,12414,54.1,230,228,32,244495
ABplpappppa:167,ABplpappppa,167,12262,-12737,-100,-109,12262,51.1,218,249,26,136628
ABplpappppp:167,ABplpappppp,167,12232,-12767,-81,-93,12232,50.1,177,248,29,203978
ABplpp:18,ABplpp,18,12337,-12662,-104,-104,12337,28.1,270,132,57,1157391
ABplppa:34,ABplppa,34,12963,-12037,-61,-60,12963,24.4,287,150,50,691054
ABplppaa:55,ABplppaa,55,12879,-12120,-65,-65,12879,29.0,363,115,42,403513
ABplppaaa:81,ABplppaaa,81,12674,-12325,-90,-97,12674,46.6,379,108,35,400095
ABplppaaaa:118,ABplppaaaa,118,12400,-12599,-101,-98,12400,43.8,374,121,33,365877
ABplppaaaaa:161,ABplppaaaaa,161,12302,-12697,-33,-26,12302,44.6,399,151,28,241915
ABplppaaaap:161,ABplppaaaap,161,12263,-12736,-68,-77,12263,44.2,381,127,30,254419
ABplppaaap:118,ABplppaaap,118,12403,-12596,32,23,12403,43.5,360,95,28,250231
ABplppaap:81,ABplppaap,81,12688,-12311,-64,-65,12688,48.0,329,108,37,387461
ABplppaapa:119,ABplppaapa,119,12348,-12651,-138,-94,12348,50.8,322,126,31,333548
ABplppaapaa:178,ABplppaapaa,178,12268,-12731,-57,-56,12268,49.3,368,140,28,281854
ABplppaapap:178,ABplppaapap,178,12229,-12770,-334,-175,12229,47.8,354,152,27,216103
ABplppaapp:119,ABplppaapp,119,12372,-12627,-54,-62,12372,53.9,280,148,32,318839
ABplppaappa:170,ABplppaappa,170,12499,-12500,137,128,12499,52.1,307,222,28,227858
ABplppaappp:170,ABplppaappp,170,12249,-12750,-122,-101,12249,52.8,262,219,28,215718
ABplppap:55,ABplppap,55,12889,-12110,-97,-97,12889,33.4,301,134,42,380954
ABplppapa:80,ABplppapa,80,12661,-12338,-123,-129,12661,42.1,299,108,37,392426
ABplppapaa:114,ABplppapaa,114,12382,-12617,-85,-89,12382,46.3,317,99,32,321783
ABplppapaaa:163,ABplppapaaa,163,12308,-12691,-57,-50,12308,49.0,312,150,27,186586
ABplppapaap:163,ABplppapaap,163,12248,-12751,-108,-136,12248,46.3,284,160,28,213827
ABplppapap:114,ABplppapap,114,12415,-12585,-48,-58,12415,46.3,270,103,33,360280
ABplppapapa:170,ABplppapapa,170,12269,-12730,-105,-134,12269,46.6,267,171,27,192305
ABplppapapp:170,ABplppapapp,170,12288,-12711,-163,-153,12288,45.5,238,172,27,182560
ABplppapp:80,ABplppapp,80,12713,-12286,-69,-79,12713,41.0,249,116,38,466002
ABplppappa:117,ABplppappa,117,12362,-12637,-86,-93,12362,49.6,273,120,32,302752
ABplppappaa:174,ABplppappaa,174,12232,-12767,-143,-136,12232,47.8,307,187,26,166302
ABplppappap:174,ABplppappap,174,12275,-12724,-101,-128,12275,48.6,287,203,29,207369
ABplppappp:117,ABplppappp,117,12385,-12614,-83,-70,12385,49.2,227,120,33,356721
ABplppapppa:179,ABplppapppa,179,12306,-12693,-115,-112,12306,49.2,256,209,26,158448
ABplppapppp:179,ABplppapppp,179,12557,-12442,-41,119,12557,50.4,232,198,29,206753
ABplppp:34,ABplppp,34,12993,-12006,-92,-93,12993,34.2,216,118,50,748034
ABplpppa:54,ABplpppa,54,12950,-12049,-45,-46,12950,27.3,275,97,44,471474
ABplpppaa:77,ABplpppaa,77,12685,-12314,-106,-112,12685,45.0,258,94,38,419433
ABplpppaaa:112,ABplpppaaa,112,12678,-12321,154,136,12678,53.0,236,135,32,277771
ABplpppaaaa:166,ABplpppaaaa,166,14630,-10369,1993,2001,14630,54.1,235,198,29,193168
ABplpppaaap:166,ABplpppaaap,166,13953,-11046,1290,1344,13953,52.0,216,175,28,194927
ABplpppaap:112,ABplpppaap,112,12386,-12613,-98,-95,12386,52.6,194,135,31,278964
ABplpppaapa:165,ABplpppaapa,165,12267,-12732,-62,-83,12267,47.7,158,169,29,224455
ABplpppaapp:165,ABplpppaapp,165,12205,-12794,-81,-84,12205,51.9,149,164,28,208314
ABplpppap:77,ABplpppap,77,12678,-12321,-84,-87,12678,45.2,205,112,37,340020
ABplpppapa:111,ABplpppapa,111,12467,-12532,-103,-114,12467,53.3,178,160,33,251297
ABplpppapaa:146,ABplpppapaa,146,12202,-12797,-121,-138,12202,53.2,163,191,28,175745
ABplpppapap:146,ABplpppapap,146,12226,-12773,-111,-126,12226,53.6,150,223,28,147061
ABplpppapp:111,ABplpppapp,111,12446,-12553,54,32,12446,53.9,155,228,27,212611
ABplpppp:54,ABplpppp,54,12963,-12036,-119,-119,12963,38.8,230,99,44,440175
ABplppppa:77,ABplppppa,77,12717,-12282,-108,-114,12717,50.2,249,122,37,313295
ABplppppaa:106,ABplppppaa,106,12446,-12553,-86,-87,12446,53.9,264,167,30,214318
ABplppppaaa:159,ABplppppaaa,159,12278,-12721,-100,-116,12278,51.0,226,213,26,165518
ABplppppaap:159,ABplppppaap,159,12240,-12759,-97,-121,12240,50.1,203,219,27,170266
ABplppppap:106,ABplppppap,106,12431,-12568,-149,-151,12431,53.8,223,167,31,223238
ABplppppapa:154,ABplppppapa,154,12292,-12707,-210,-130,12292,53.8,202,195,29,175524
ABplppppapp:154,ABplppppapp,154,12288,-12712,-42,-60,12288,53.6,180,229,29,189614
ABplppppp:77,ABplppppp,77,12677,-12322,-107,-111,12677,52.0,200,142,37,305042
ABplpppppa:110,ABplpppppa,110,12410,-12589,-104,-113,12410,51.1,201,208,32,241431
ABplpppppaa:169,ABplpppppaa,169,12261,-12738,-112,-138,12261,41.8,186,198,31,205940
ABplpppppap:169,ABplpppppap,169,12245,-12754,-74,-99,12245,44.5,168,204,30,188897
ABplpppppp:110,ABplpppppp,110,12468,-12531,-66,-73,12468,53.0,162,229,32,231842
ABplppppppa:156,ABplppppppa,156,12297,-12702,-73,-101,12297,52.2,106,232,28,172394
ABplppppppp:156,ABplppppppp,156,12283,-12717,-40,-45,12283,49.9,86,216,30,178774
ABpr:2,ABpr,2,10931,-14068,-155,-155,10931,45.4,240,361,70,1233684
ABpra:7,ABpra,7,11579,-13420,-130,-128,11579,44.5,278,390,62,1056447
ABpraa:18,ABpraa,18,12387,-12612,-136,-138,12387,45.4,298,404,58,1033656
ABpraaa:35,ABpraaa,35,13014,-11985,-108,-108,13014,40.2,375,420,48,727079
ABpraaaa:56,ABpraaaa,56,12945,-12054,-8,-6,12945,44.1,401,422,42,442668
ABpraaaaa:84,ABpraaaaa,84,12666,-12333,-44,-45,12666,35.5,478,409,35,458079
ABpraaaaaa:121,ABpraaaaaa,121,13244,-11755,694,732,13244,43.5,501,401,31,291024
ABpraaaaaaa:178,ABpraaaaaaa,178,12377,-12622,91,110,12377,47.5,524,382,27,144749
ABpraaaaaap:178,ABpraaaaaap,178,12351,-12648,96,105,12351,51.8,507,374,28,154421
ABpraaaaap:121,ABpraaaaap,121,12904,-12095,464,499,12904,38.1,495,411,31,315898
ABpraaaaapd:182,ABpraaaaapd,182,12217,-12782,9,24,12217,38.8,550,382,29,194722
ABpraaaaapv:182,ABpraaaaapv,182,12273,-12726,55,67,12273,43.5,538,386,28,175293
ABpraaaap:84,ABpraaaap,84,12676,-12323,-66,-70,12676,34.7,431,422,37,484183
ABpraaaapa:116,ABpraaaapa,116,12372,-12627,-86,-51,12372,41.1,460,414,31,297788
ABpraaaapad:166,ABpraaaapad,166,12180,-12819,-46,-34,12180,44.7,490,408,28,189420
ABpraaaapav:166,ABpraaaapav,166,12201,-12798,-104,-78,12201,44.6,491,402,28,189860
ABpraaaapp:116,ABpraaaapp,116,12397,-12602,-27,-25,12397,35.3,435,431,33,352648
ABpraaaappa:162,ABpraaaappa,162,12272,-12727,0,-18,12272,32.0,489,397,28,216232
ABpraaaappp:162,ABpraaaappp,162,12160,-12839,-117,-119,12160,32.2,478,401,30,226633
ABpraaap:56,ABpraaap,56,12893,-12106,-69,-71,12893,36.2,352,413,44,460163
ABpraaapa:81,ABpraaapa,81,12662,-12337,-77,-83,12662,29.3,448,393,37,471091
ABpraaapaa:115,ABpraaapaa,115,12411,-12588,-73,-69,12411,36.8,480,379,30,280751
ABpraaapaad:170,ABpraaapaad,170,12194,-12805,-87,-109,12194,34.1,479,374,29,214677
ABpraaapaav:170,ABpraaapaav,170,12264,-12735,-23,-53,12264,37.2,484,365,28,270954
ABpraaapap:115,ABpraaapap,115,12475,-12524,-85,-82,12475,32.0,463,393,34,393823
ABpraaapapa:167,ABpraaapapa,167,12189,-12810,-101,-106,12189,35.0,527,362,30,208938
ABpraaapapp:167,ABpraaapapp,167,12256,-12743,-32,-19,12256,33.5,529,380,29,249243
ABpraaapp:81,ABpraaapp,81,12702,-12297,-58,-58,12702,30.3,381,410,41,520932
ABpraaappa:111,ABpraaappa,111,12423,-12576,-119,-115,12423,36.1,431,393,31,319966
ABpraaappaa:162,ABpraaappaa,162,12233,-12766,-78,-91,12233,38.4,457,376,28,200226
ABpraaappap:162,ABpraaappap,162,12231,-12768,-77,-105,12231,35.6,432,377,29,242436
ABpraaappp:111,ABpraaappp,111,12465,-12534,-92,-106,12465,31.0,393,403,36,394748
ABpraaapppa:147,ABpraaapppa,147,12236,-12763,-91,-113,12236,33.3,412,388,31,229256
ABpraaapppaa:207,ABpraaapppaa,207,12154,-12845,-161,-149,12154,36.7,427,418,25,88226
ABpraaapppap:207,ABpraaapppap,207,12206,-12794,-106,-158,12206,37.8,383,418,27,154349
ABpraaapppp:147,ABpraaapppp,147,12182,-12817,-151,-156,12182,31.8,421,414,33,238035
ABpraaappppa:204,ABpraaappppa,204,12238,-12761,5,8,12238,40.0,471,424,29,89339
ABpraaappppp:204,ABpraaappppp,204,12240,-12759,-36,-18,12240,43.2,436,426,27,93209
ABpraap:35,ABpraap,35,13031,-11968,-125,-126,13031,47.4,301,388,50,666890
ABpraapa:55,ABpraapa,55,12935,-12064,-57,-59,12935,41.5,314,408,43,464170
ABpraapaa:81,ABpraapaa,81,12647,-12352,-42,-43,12647,21.3,405,386,41,532571
ABpraapaaa:116,ABpraapaaa,116,14742,-10257,2063,2072,14742,22.7,516,367,35,503372
ABpraapaaaa:176,ABpraapaaaa,176,12632,-12367,237,259,12632,29.8,589,314,30,262754
ABpraapaaap:176,ABpraapaaap,176,12564,-12435,245,256,12564,26.8,576,340,30,244881
ABpraapaap:116,ABpraapaap,116,13994,-11005,1298,1313,13994,23.4,465,392,35,452288
ABpraapaapa:166,ABpraapaapa,166,12537,-12462,205,221,12537,29.0,536,377,30,286433
ABpraapaapp:166,ABpraapaapp,166,12566,-12433,244,250,12566,30.3,507,390,31,263072
ABpraapap:81,ABpraapap,81,12651,-12348,-51,-54,12651,23.4,343,394,39,503059
ABpraapapa:117,ABpraapapa,117,12332,-12667,-146,-135,12332,28.4,441,389,34,492452
ABpraapapaa:179,ABpraapapaa,179,12245,-12754,-47,-60,12245,31.5,444,378,28,267658
ABpraapapap:179,ABpraapapap,179,12262,-12737,-36,-45,12262,30.6,420,390,30,281236
ABpraapapp:117,ABpraapapp,117,12383,-12616,-75,-66,12383,24.4,406,392,38,549990
ABpraapappa:164,ABpraapappa,164,12288,-12711,-56,-86,12288,27.1,462,380,32,333681
ABpraapappp:164,ABpraapappp,164,12239,-12760,-63,-71,12239,27.4,436,402,33,297512
ABpraapp:55,ABpraapp,55,12922,-12077,-113,-114,12922,37.0,257,383,47,515543
ABpraappa:79,ABpraappa,79,12640,-12359,-108,-112,12640,30.0,324,406,37,443815
ABpraappaa:118,ABpraappaa,118,12277,-12722,-68,-65,12277,39.7,411,409,28,206295
ABpraappap:118,ABpraappap,118,12279,-12720,-83,-87,12279,39.1,381,419,31,179841
ABpraappp:79,ABpraappp,79,12699,-12300,-95,-99,12699,32.2,256,398,40,438822
ABpraapppa:113,ABpraapppa,113,12328,-12671,-90,-89,12328,36.3,341,423,34,244314
ABpraapppp:113,ABpraapppp,113,12351,-12648,-119,-105,12351,39.9,293,416,33,205053
ABprap:18,ABprap,18,12372,-12627,-124,-124,12372,34.5,198,377,58,1178363
ABprapa:35,ABprapa,35,13036,-11963,-63,-63,13036,30.6,271,399,50,732143
ABprapaa:55,ABprapaa,55,12844,-12155,-63,-63,12844,25.0,277,389,43,423147
ABprapaaa:83,ABprapaaa,83,12682,-12317,-36,-38,12682,22.4,300,376,39,499038
ABprapaaaa:116,ABprapaaaa,116,12357,-12642,-45,-58,12357,25.5,336,381,35,467327
ABprapaaaaa:172,ABprapaaaaa,172,12271,-12728,16,17,12271,24.6,413,397,28,250772
ABprapaaaap:172,ABprapaaaap,172,12204,-12795,-49,-57,12204,22.3,397,384,33,350189
ABprapaaap:116,ABprapaaap,116,12372,-12627,-60,-75,12372,26.3,304,393,35,473094
ABprapaaapa:167,ABprapaaapa,167,12225,-12774,-88,-107,12225,30.8,373,397,32,324529
ABprapaaapp:167,ABprapaaapp,167,12261,-12738,-66,-84,12261,32.4,339,402,31,301113
ABprapaap:83,ABprapaap,83,12627,-12372,-73,-74,12627,23.3,237,380,38,492526
ABprapaapa:117,ABprapaapa,117,12526,-12473,85,79,12526,36.6,308,405,31,374720
ABprapaapp:117,ABprapaapp,117,12873,-12126,385,427,12873,38.3,259,409,33,390061
ABprapap:55,ABprapap,55,12878,-12121,-72,-73,12878,25.1,201,372,46,466278
ABprapapa:78,ABprapapa,78,12669,-12330,-41,-42,12669,26.4,182,377,40,486294
ABprapapaa:113,ABprapapaa,113,12254,-12745,-107,-111,12254,31.2,136,372,34,301074
ABprapapap:113,ABprapapap,113,12546,-12453,126,147,12546,39.6,135,373,32,283270
ABprapapp:78,ABprapapp,78,12650,-12349,-86,-87,12650,31.6,124,349,38,423504
ABprapappa:109,ABprapappa,109,12555,-12444,150,149,12555,43.5,124,355,32,258634
ABprapappp:109,ABprapappp,109,12428,-12571,-28,-40,12428,43.3,96,324,32,276165
ABprapapppa:169,ABprapapppa,169,12257,-12742,-68,-79,12257,39.4,101,351,25,136753
ABprapapppp:169,ABprapapppp,169,12267,-12732,-36,-48,12267,44.1,92,319,26,118443
ABprapp:35,ABprapp,35,12999,-12000,-103,-103,12999,31.7,189,360,50,729996
ABprappa:55,ABprappa,55,12847,-12153,-100,-101,12847,32.4,166,368,46,477215
ABprappaa:83,ABprappaa,83,12684,-12315,-83,-83,12684,37.4,212,415,39,488165
ABprappaaa:120,ABprappaaa,120,12972,-12027,482,521,12972,41.0,240,405,33,375100
ABprappaap:120,ABprappaap,120,12857,-12142,415,436,12857,42.8,201,397,31,334205
ABprappap:83,ABprappap,83,12658,-12341,-109,-115,12658,36.5,162,390,39,481660
ABprappapa:116,ABprappapa,116,12304,-12695,-60,-65,12304,31.5,202,401,34,366792
ABprappapp:116,ABprappapp,116,12725,-12274,253,270,12725,40.4,166,386,32,309656
ABprappp:55,ABprappp,55,12878,-12121,-66,-67,12878,36.6,118,303,43,424141
ABprapppa:84,ABprapppa,84,12649,-12350,-55,-61,12649,42.2,138,364,37,406461
ABprapppaa:124,ABprapppaa,124,12292,-12707,-76,-94,12292,44.7,142,352,31,339003
ABprapppaaa:188,ABprapppaaa,188,12170,-12829,-123,-138,12170,44.6,118,349,28,195385
ABprapppaap:188,ABprapppaap,188,12216,-12784,-29,-31,12216,46.3,98,352,28,221180
ABprapppap:124,ABprapppap,124,12315,-12684,-53,-64,12315,48.7,137,328,31,280581
ABprapppapa:174,ABprapppapa,174,12357,-12642,-5,-36,12357,45.8,118,309,25,179509
ABprapppapp:174,ABprapppapp,174,12245,-12754,-52,-45,12245,49.6,112,300,28,204433
ABprapppp:84,ABprapppp,84,12653,-12346,-46,-45,12653,46.5,116,332,36,349928
ABprappppa:123,ABprappppa,123,12255,-12744,-47,-51,12255,50.1,116,335,30,270360
ABprappppp:123,ABprappppp,123,12303,-12696,-30,-27,12303,49.6,91,297,32,310038
ABprp:7,ABprp,7,11580,-13419,-155,-155,11580,48.9,194,289,59,887573
ABprpa:18,ABprpa,18,12387,-12612,-139,-139,12387,51.5,229,327,55,767752
ABprpaa:34,ABprpaa,34,13035,-11964,-97,-100,13035,47.2,232,393,47,608386
ABprpaaa:55,ABprpaaa,55,12983,-12016,-57,-60,12983,49.0,268,405,42,390972
ABprpaaaa:79,ABprpaaaa,79,12707,-12292,-58,-65,12707,41.3,383,424,36,450121
ABprpaaaaa:112,ABprpaaaaa,112,12463,-12536,-105,-72,12463,46.1,422,390,33,448260
ABprpaaaaaa:166,ABprpaaaaaa,166,12240,-12759,-46,-60,12240,43.9,493,361,31,394507
ABprpaaaaap:166,ABprpaaaaap,166,12239,-12760,-68,-78,12239,44.0,454,383,29,298230
ABprpaaaap:112,ABprpaaaap,112,12432,-12567,-85,-106,12432,47.6,372,403,33,424117
ABprpaaaapa:159,ABprpaaaapa,159,12518,-12481,-59,22,12518,52.8,358,352,31,288141
ABprpaaaapp:159,ABprpaaaapp,159,12303,-12696,8,5,12303,51.2,304,354,31,317532
ABprpaaap:79,ABprpaaap,79,12718,-12281,-70,-76,12718,43.6,337,429,34,378646
ABprpaaapa:111,ABprpaaapa,111,12434,-12565,-54,-36,12434,47.6,409,419,32,388613
ABprpaaapaa:179,ABprpaaapaa,179,12298,-12701,-8,-28,12298,48.1,485,361,28,273685
ABprpaaapap:179,ABprpaaapap,179,12251,-12748,-17,-38,12251,48.6,469,389,30,314847
ABprpaaapp:111,ABprpaaapp,111,12417,-12582,-110,-105,12417,45.6,368,421,33,413218
ABprpaaappa:161,ABprpaaappa,161,12254,-12745,-53,-78,12254,46.8,449,383,27,211292
ABprpaaappp:161,ABprpaaappp,161,12225,-12774,-72,-83,12225,47.4,418,378,30,286180
ABprpaap:55,ABprpaap,55,12981,-12018,-64,-70,12981,42.5,218,404,42,429601
ABprpaapa:79,ABprpaapa,79,12735,-12264,-19,-24,12735,36.7,347,430,38,549275
ABprpaapaa:114,ABprpaapaa,114,12978,-12021,422,410,12978,42.9,427,409,31,365114
ABprpaapaaa:166,ABprpaapaaa,166,12268,-12731,-36,-52,12268,40.0,482,370,32,469148
ABprpaapaap:166,ABprpaapaap,166,12385,-12614,49,23,12385,42.0,439,402,28,258659
ABprpaapap:114,ABprpaapap,114,13048,-11951,518,522,13048,39.6,396,434,33,394615
ABprpaapapa:166,ABprpaapapa,166,12304,-12695,86,100,12304,39.3,496,415,32,300270
ABprpaapapp:166,ABprpaapapp,166,12289,-12710,12,2,12289,46.8,450,402,28,252331
ABprpaapp:79,ABprpaapp,79,12683,-12316,-92,-97,12683,36.7,283,426,38,481000
ABprpaappa:111,ABprpaappa,111,12457,-12542,-99,-99,12457,37.0,368,419,34,403986
ABprpaappaa:162,ABprpaappaa,162,12242,-12757,-95,-111,12242,38.4,425,397,29,224533
ABprpaappap:162,ABprpaappap,162,12305,-12694,-47,-78,12305,38.3,397,400,29,229257
ABprpaappp:111,ABprpaappp,111,12493,-12506,-42,-43,12493,42.2,336,431,33,347839
ABprpaapppa:163,ABprpaapppa,163,12243,-12756,-40,-44,12243,48.2,444,399,29,279993
ABprpaapppp:163,ABprpaapppp,163,12247,-12752,-56,-76,12247,47.6,413,382,26,143313
ABprpap:34,ABprpap,34,12993,-12006,-146,-147,12993,51.5,183,336,46,512874
ABprpapa:55,ABprpapa,55,12932,-12067,-96,-95,12932,52.3,227,371,42,358783
ABprpapaa:79,ABprpapaa,79,12729,-12270,-44,-48,12729,52.2,332,396,34,307450
ABprpapaaa:115,ABprpapaaa,115,13706,-11293,1006,1013,13706,50.5,345,348,31,285586
ABprpapaaaa:170,ABprpapaaaa,170,12426,-12573,113,84,12426,50.6,413,317,27,207645
ABprpapaaap:170,ABprpapaaap,170,12907,-12092,55,293,12907,51.0,383,320,25,137557
ABprpapaap:115,ABprpapaap,115,13445,-11554,831,814,13445,51.0,321,370,32,307809
ABprpapaapa:171,ABprpapaapa,171,12321,-12678,3,20,12321,49.1,414,337,25,144289
ABprpapaapp:171,ABprpapaapp,171,12363,-12636,58,73,12363,50.5,389,347,25,159728
ABprpapap:79,ABprpapap,79,12711,-12288,-83,-97,12711,52.3,305,358,34,284520
ABprpapapa:112,ABprpapapa,112,13033,-11966,405,401,13033,51.2,302,332,31,242953
ABprpapapaa:160,ABprpapapaa,160,16021,-8979,2875,3081,16021,50.0,354,326,26,161215
ABprpapapap:160,ABprpapapap,160,15101,-9898,1992,2263,15101,49.3,337,330,26,146444
ABprpapapp:112,ABprpapapp,112,12468,-12531,-74,-70,12468,53.8,268,321,30,208397
ABprpapappa:159,ABprpapappa,159,12280,-12719,-237,-162,12280,51.1,320,301,26,155362
ABprpapappp:159,ABprpapappp,159,12288,-12711,-135,-113,12288,52.1,259,273,26,152283
ABprpapp:55,ABprpapp,55,12959,-12040,-92,-94,12959,53.4,172,331,43,342303
ABprpappa:77,ABprpappa,77,12679,-12320,-105,-115,12679,53.7,270,367,36,315930
ABprpappaa:112,ABprpappaa,112,12454,-12545,-76,-76,12454,54.3,324,299,33,273366
ABprpappaaa:158,ABprpappaaa,158,12200,-12799,-65,-81,12200,54.2,397,265,29,209473
ABprpappaap:158,ABprpappaap,158,12278,-12721,-175,-143,12278,53.4,365,296,31,224093
ABprpappap:112,ABprpappap,112,12429,-12570,-73,-81,12429,54.8,286,280,34,287745
ABprpappapa:160,ABprpappapa,160,12313,-12686,-277,-156,12313,52.9,344,291,31,240764
ABprpappapp:160,ABprpappapp,160,12261,-12738,-82,-103,12261,52.0,300,257,27,168982
ABprpappp:77,ABprpappp,77,12698,-12301,-84,-91,12698,53.7,229,337,37,320310
ABprpapppa:111,ABprpapppa,111,12451,-12548,-80,-98,12451,53.1,255,285,34,286521
ABprpapppaa:161,ABprpapppaa,161,12262,-12737,-51,-46,12262,50.6,368,299,28,178654
ABprpapppap:161,ABprpapppap,161,12296,-12703,-58,-61,12296,49.6,313,292,29,194546
ABprpapppp:111,ABprpapppp,111,12463,-12536,-67,-77,12463,53.2,206,259,32,232897
ABprpappppa:159,ABprpappppa,159,12248,-12751,-76,-85,12248,47.4,197,270,29,169532
ABprpappppp:159,ABprpappppp,159,12237,-12762,-43,-61,12237,46.8,177,251,28,175803
ABprpp:18,ABprpp,18,12409,-12590,-157,-157,12409,48.8,128,296,56,866977
ABprppa:36,ABprppa,36,13074,-11925,-102,-103,13074,42.7,140,377,47,674759
ABprppaa:57,ABprppaa,57,12868,-12131,-85,-87,12868,44.6,186,400,41,397935
ABprppaaa:84,ABprppaaa,84,12658,-12341,-121,-126,12658,44.4,312,411,34,408404
ABprppaaaa:121,ABprppaaaa,121,12343,-12656,-145,-142,12343,45.5,336,397,34,403920
ABprppaaaaa:163,ABprppaaaaa,163,12288,-12711,-31,-47,12288,47.2,397,373,29,267593
ABprppaaaap:163,ABprppaaaap,163,12290,-12709,-35,-37,12290,47.5,376,389,32,276240
ABprppaaap:121,ABprppaaap,121,12477,-12522,68,63,12477,44.1,334,417,26,247615
ABprppaaapa:201,ABprppaaapa,201,12435,-12564,119,109,12435,47.0,370,399,23,63964
ABprppaaapp:201,ABprppaaapp,201,12335,-12664,11,-48,12335,49.5,359,380,19,42008
ABprppaap:84,ABprppaap,84,12683,-12316,-79,-83,12683,48.7,268,397,38,468544
ABprppaapa:121,ABprppaapa,121,12351,-12648,-151,-105,12351,51.2,291,367,32,351888
ABprppaapaa:175,ABprppaapaa,175,12363,-12636,-141,-69,12363,51.6,360,356,29,328691
ABprppaapap:175,ABprppaapap,175,12280,-12719,-183,-156,12280,48.9,358,356,28,258654
ABprppaapp:121,ABprppaapp,121,12318,-12681,-84,-87,12318,52.9,250,349,32,338892
ABprppaappa:174,ABprppaappa,174,12492,-12507,127,120,12492,51.7,311,287,27,208259
ABprppaappp:174,ABprppaappp,174,12274,-12725,-208,-131,12274,53.2,261,289,28,228227
ABprppap:57,ABprppap,57,12883,-12116,-99,-106,12883,45.3,140,357,41,350179
ABprppapa:81,ABprppapa,81,12709,-12290,-88,-97,12709,44.7,245,394,37,393731
ABprppapaa:115,ABprppapaa,115,12457,-12542,-43,-48,12457,48.6,291,405,32,297711
ABprppapaaa:164,ABprppapaaa,164,12317,-12682,-118,-100,12317,48.7,313,369,30,195970
ABprppapaap:164,ABprppapaap,164,12325,-12674,-58,-66,12325,47.8,276,363,28,192024
ABprppapap:115,ABprppapap,115,12406,-12593,-63,-66,12406,49.0,246,400,32,314159
ABprppapapa:173,ABprppapapa,173,12291,-12708,-92,-114,12291,48.9,255,341,27,187275
ABprppapapp:173,ABprppapapp,173,12313,-12686,-102,-119,12313,46.9,236,342,27,193404
ABprppapp:81,ABprppapp,81,12687,-12312,-97,-107,12687,45.1,200,387,35,395751
ABprppappa:121,ABprppappa,121,12381,-12618,-49,-53,12381,50.0,247,385,31,273038
ABprppappaa:177,ABprppappaa,177,12279,-12720,-67,-86,12279,47.8,301,337,28,186774
ABprppappap:177,ABprppappap,177,12286,-12713,-88,-96,12286,48.6,281,318,27,164178
ABprppappp:121,ABprppappp,121,12352,-12647,-88,-81,12352,50.3,205,380,34,346445
ABprppapppa:181,ABprppapppa,181,12338,-12661,-117,-38,12338,50.3,247,309,26,149961
ABprppapppp:181,ABprppapppp,181,12547,-12452,-268,-53,12547,51.4,221,323,29,195851
ABprppp:36,ABprppp,36,13104,-11895,-115,-115,13104,48.8,105,295,47,548875
ABprpppa:56,ABprpppa,56,12907,-12092,-99,-104,12907,46.3,100,328,41,369761
ABprpppaa:80,ABprpppaa,80,12695,-12304,-76,-78,12695,48.2,173,379,37,394248
ABprpppaaa:116,ABprpppaaa,116,12554,-12445,102,91,12554,53.6,204,361,33,309102
ABprpppaaaa:170,ABprpppaaaa,170,14467,-10532,1866,1800,14467,53.5,233,308,28,187826
ABprpppaaap:170,ABprpppaaap,170,14121,-10878,1475,1489,14121,52.4,201,335,28,205582
ABprpppaap:116,ABprpppaap,116,12336,-12663,-87,-85,12336,52.4,164,346,32,298402
ABprpppaapa:172,ABprpppaapa,172,12224,-12775,-67,-72,12224,50.3,140,308,28,195151
ABprpppaapp:172,ABprpppaapp,172,12253,-12746,-44,-28,12253,54.0,134,317,31,278744
ABprpppap:80,ABprpppap,80,12681,-12318,-72,-80,12681,50.0,137,346,35,333666
ABprpppapa:120,ABprpppapa,120,12392,-12607,-77,-85,12392,53.4,152,309,32,236129
ABprpppapaa:156,ABprpppapaa,156,12280,-12719,-11,-13,12280,54.7,151,288,30,189159
ABprpppapap:156,ABprpppapap,156,12203,-12796,-162,-182,12203,53.3,124,249,28,131496
ABprpppapp:120,ABprpppapp,120,12437,-12562,106,84,12437,52.2,108,290,28,252247
ABprpppp:56,ABprpppp,56,12922,-12077,-124,-126,12922,50.6,97,269,42,336811
ABprppppa:79,ABprppppa,79,12721,-12278,-81,-89,12721,52.6,201,349,39,368130
ABprppppaa:114,ABprppppaa,114,12447,-12553,-41,-55,12447,53.4,232,317,30,224063
ABprppppaaa:167,ABprppppaaa,167,12439,-12560,13,-25,12439,50.0,207,294,27,175808
ABprppppaap:167,ABprppppaap,167,12284,-12715,-75,-97,12284,50.6,183,284,28,187869
ABprppppap:114,ABprppppap,114,12405,-12594,-79,-85,12405,53.2,197,317,33,243973
ABprppppapa:162,ABprppppapa,162,13138,-11862,437,489,13138,53.2,201,312,27,143746
ABprppppapp:162,ABprppppapp,162,12330,-12669,-76,-71,12330,53.6,174,284,31,230606
ABprppppp:79,ABprppppp,79,12674,-12325,-104,-105,12674,53.7,146,308,38,344528
ABprpppppa:116,ABprpppppa,116,12397,-12602,-101,-118,12397,51.3,182,281,31,248888
ABprpppppaa:170,ABprpppppaa,170,12258,-12741,-86,-104,12258,44.1,180,315,28,152306
ABprpppppap:170,ABprpppppap,170,12255,-12744,-130,-161,12255,46.0,153,295,27,164539
ABprpppppp:116,ABprpppppp,116,12388,-12611,-105,-120,12388,52.7,135,267,31,246151
ABprppppppa:161,ABprppppppa,161,12212,-12787,-119,-145,12212,53.2,105,262,28,172050
ABprppppppp:161,ABprppppppp,161,12192,-12807,-117,-119,12192,50.3,84,264,27,146238
EMS:1,EMS,1,11003,-13996,-93,-93,11003,49.5,340,153,60,461108
MS:3,MS,3,11130,-13869,-141,-141,11130,51.0,368,207,71,1188565
MSa:11,MSa,11,11943,-13056,-181,-181,11943,47.7,410,168,60,954201
MSaa:24,MSaa,24,12638,-12361,-177,-178,12638,51.1,451,195,54,718144
MSaaa:41,MSaaa,41,13574,-11425,215,215,13574,50.4,464,206,47,486082
MSaaaa:61,MSaaaa,61,13114,-11885,103,102,13114,44.5,503,264,41,306016
MSaaaaa:84,MSaaaaa,84,12709,-12290,-105,-103,12709,36.6,544,290,34,238674
MSaaaaaa:111,MSaaaaaa,111,12341,-12658,-170,-151,12341,35.5,553,288,30,269850
MSaaaaaal:215,MSaaaaaal,215,12190,-12810,-28,-29,12190,31.0,529,270,26,160170
MSaaaaaar:215,MSaaaaaar,215,12062,-12937,-211,-226,12062,28.3,525,302,27,182561
MSaaaaap:111,MSaaaaap,111,12448,-12551,-177,-183,12448,34.7,536,258,35,262156
MSaaaaapa:145,MSaaaaapa,145,12304,-12695,-119,-123,12304,29.9,532,259,30,215366
MSaaaaapaa:201,MSaaaaapaa,201,12184,-12815,-60,-73,12184,25.4,515,254,24,121244
MSaaaaapap:201,MSaaaaapap,201,12189,-12810,-83,-76,12189,26.0,482,266,25,89862
MSaaaaapp:145,MSaaaaapp,145,12372,-12627,-148,-89,12372,24.5,483,264,31,239676
MSaaaap:84,MSaaaap,84,12675,-12324,-107,-105,12675,33.0,496,256,38,349460
MSaaaapa:115,MSaaaapa,115,12500,-12499,-60,-57,12500,30.6,503,239,34,294481
MSaaaapaa:156,MSaaaapaa,156,12290,-12709,-54,-38,12290,23.2,462,250,30,205025
MSaaaapap:156,MSaaaapap,156,12257,-12742,-43,-42,12257,24.4,435,245,30,188624
MSaaaapp:115,MSaaaapp,115,12384,-12615,-132,-138,12384,28.0,444,239,35,348554
MSaaaappa:166,MSaaaappa,166,12337,-12662,18,4,12337,27.0,404,252,26,169937
MSaaaappp:166,MSaaaappp,166,12183,-12816,-86,-108,12183,27.7,369,257,29,168464
MSaaap:61,MSaaap,61,13158,-11841,138,141,13158,46.2,433,251,40,279712
MSaaapa:86,MSaaapa,86,12766,-12233,-36,-44,12766,37.8,467,249,39,300595
MSaaapaa:114,MSaaapaa,114,12511,-12488,-109,-99,12511,34.4,478,230,34,209801
MSaaapaaa:152,MSaaapaaa,152,12240,-12759,-157,-167,12240,33.7,484,231,26,90256
MSaaapaap:152,MSaaapaap,152,12321,-12678,-77,-80,12321,29.0,452,217,26,103114
MSaaapap:114,MSaaapap,114,12429,-12570,-120,-119,12429,33.6,436,238,30,154485
MSaaapapa:154,MSaaapapa,154,12308,-12691,-83,-86,12308,33.2,439,227,27,127453
MSaaapapp:154,MSaaapapp,154,12256,-12743,-94,-90,12256,30.4,371,234,25,89575
MSaaapp:86,MSaaapp,86,12628,-12371,-93,-105,12628,36.8,411,252,32,237883
MSaaappa:136,MSaaappa,136,12328,-12671,14,-2,12328,31.2,363,267,26,122380
MSaaappp:136,MSaaappp,136,12253,-12746,-67,-89,12253,29.1,361,268,29,145474
MSaap:41,MSaap,41,13654,-11345,264,265,13654,51.9,376,182,46,436823
MSaapa:62,MSaapa,62,13100,-11899,77,76,13100,51.8,409,216,41,263994
MSaapaa:85,MSaapaa,85,12736,-12263,-106,-112,12736,46.7,416,231,38,266077
MSaapaaa:113,MSaapaaa,113,12452,-12547,-129,-132,12452,42.8,406,228,30,185131
MSaapaaaa:154,MSaapaaaa,154,12496,-12503,-52,25,12496,43.9,394,218,29,231872
MSaapaaap:154,MSaapaaap,154,12425,-12574,-95,14,12425,42.7,371,212,30,233861
MSaapaap:113,MSaapaap,113,12462,-12537,-105,-119,12462,38.7,372,234,34,221112
MSaapaapa:150,MSaapaapa,150,12233,-12766,-151,-112,12233,36.3,370,205,28,173050
MSaapaapp:150,MSaapaapp,150,12243,-12756,-70,-94,12243,34.4,343,214,31,206212
MSaapap:85,MSaapap,85,12747,-12252,-67,-76,12747,49.0,354,233,34,210828
MSaapapa:122,MSaapapa,122,12307,-12692,-89,-94,12307,40.6,347,226,30,200900
MSaapapp:122,MSaapapp,122,12308,-12691,-161,-179,12308,43.1,326,222,31,182033
MSaapappa:164,MSaapappa,164,12227,-12772,-52,-76,12227,37.5,351,214,28,116396
MSaapappp:164,MSaapappp,164,12197,-12802,-104,-133,12197,40.4,326,242,26,127806
MSaapp:62,MSaapp,62,13086,-11913,116,119,13086,54.5,323,207,41,278856
MSaappa:92,MSaappa,92,12589,-12410,-59,-74,12589,51.8,335,220,33,214825
MSaappaa:148,MSaappaa,148,12297,-12702,-58,-87,12297,46.2,333,252,29,193534
MSaappap:148,MSaappap,148,12253,-12746,-82,-104,12253,45.2,311,240,29,185053
MSaappp:92,MSaappp,92,12564,-12435,-75,-87,12564,49.9,292,191,35,253455
MSaapppa:148,MSaapppa,148,12312,-12687,-48,-47,12312,42.7,311,168,30,185050
MSaapppaa:212,MSaapppaa,212,11903,-13097,-347,-444,11903,41.0,329,184,22,63683
MSaapppap:212,MSaapppap,212,12376,-12624,91,73,12376,41.5,312,194,30,121508
MSaapppp:148,MSaapppp,148,12256,-12743,-125,-124,12256,44.2,265,178,31,151288
MSap:24,MSap,24,12673,-12326,-161,-161,12673,48.1,364,129,54,780853
MSapa:43,MSapa,43,13518,-11481,175,175,13518,47.4,375,117,46,515595
MSapaa:64,MSapaa,64,12928,-12071,25,25,12928,45.3,421,187,39,280131
MSapaaa:90,MSapaaa,90,13960,-11039,978,993,13960,40.3,505,200,34,266589
MSapaaaa:124,MSapaaaa,124,12473,-12526,-83,-29,12473,42.9,509,205,29,178590
MSapaaaad:217,MSapaaaad,217,11973,-13027,-379,-358,11973,38.0,494,196,22,87720
MSapaaaav:217,MSapaaaav,217,12295,-12705,141,74,12295,41.0,464,192,22,74316
MSapaaap:124,MSapaaap,124,12449,-12550,50,46,12449,34.9,498,194,29,195300
MSapaap:90,MSapaap,90,14178,-10821,1264,1257,14178,42.8,443,193,34,265431
MSapaapa:138,MSapaapa,138,12673,-12326,36,133,12673,42.2,441,187,25,170155
MSapaapp:138,MSapaapp,138,12435,-12564,-11,0,12435,45.7,307,212,31,182209
MSapap:64,MSapap,64,12924,-12075,-21,-25,12924,47.5,358,165,41,289313
MSapapa:91,MSapapa,91,12700,-12299,-102,-96,12700,38.5,436,162,34,236179
MSapapaa:126,MSapapaa,126,12255,-12744,-166,-150,12255,36.3,438,174,28,149391
MSapapap:126,MSapapap,126,12300,-12699,-138,-118,12300,41.8,430,169,26,118567
MSapapp:91,MSapapp,91,12675,-12324,-74,-86,12675,37.4,392,162,35,256455
MSapappa:132,MSapappa,132,12275,-12724,-123,-131,12275,29.2,454,188,31,163880
MSapappp:132,MSapappp,132,12269,-12730,-77,-90,12269,24.9,451,200,33,192691
MSapp:43,MSapp,43,13482,-11518,166,164,13482,51.0,281,128,45,446343
MSappa:65,MSappa,65,12906,-12093,-15,-10,12906,48.8,321,171,39,277591
MSappaa:95,MSappaa,95,12560,-12439,-146,-148,12560,43.8,378,183,35,207461
MSappaaa:145,MSappaaa,145,12274,-12725,-78,-85,12274,35.3,366,180,28,109776
MSappaap:145,MSappaap,145,12318,-12681,-45,-71,12318,40.2,235,183,29,116586
MSappap:95,MSappap,95,12573,-12426,-94,-109,12573,44.0,332,173,33,214612
MSappapa:149,MSappapa,149,12369,-12630,-2,-9,12369,40.1,383,169,25,105204
MSappapp:149,MSappapp,149,12337,-12663,-39,-42,12337,40.8,354,158,26,93292
MSappp:65,MSappp,65,12893,-12106,19,12,12893,42.4,286,151,40,302607
MSapppa:101,MSapppa,101,12539,-12460,-81,-86,12539,36.2,365,146,33,186515
MSapppaa:146,MSapppaa,146,12300,-12699,-64,-60,12300,37.3,402,164,26,96062
MSapppap:146,MSapppap,146,12218,-12781,-132,-143,12218,26.6,398,185,29,109033
MSapppp:101,MSapppp,101,12500,-12499,-91,-97,12500,30.6,300,156,37,244975
MSappppa:151,MSappppa,151,12230,-12769,-81,-91,12230,25.6,344,194,29,95659
MSappppp:151,MSappppp,151,12218,-12781,-111,-128,12218,25.8,310,188,29,83141
MSp:11,MSp,11,11967,-13033,-171,-171,11967,48.4,311,237,59,904708
MSpa:25,MSpa,25,12720,-12279,-109,-110,12720,49.2,379,254,54,718887
MSpaa:42,MSpaa,42,13643,-11356,282,281,13643,47.5,391,266,45,429302
MSpaaa:64,MSpaaa,64,13058,-11941,107,104,13058,43.5,433,317,42,311725
MSpaaaa:86,MSpaaaa,86,12706,-12293,-113,-117,12706,36.4,511,328,36,293475
MSpaaaaa:113,MSpaaaaa,113,12421,-12578,-106,-116,12421,32.2,509,314,32,359646
MSpaaaaaa:176,MSpaaaaaa,176,12198,-12801,-71,-90,12198,22.5,467,279,32,279886
MSpaaaaap:176,MSpaaaaap,176,12232,-12767,-16,-26,12232,22.7,442,282,29,265226
MSpaaaap:113,MSpaaaap,113,12456,-12543,-120,-128,12456,30.6,505,298,34,295991
MSpaaaapa:151,MSpaaaapa,151,12288,-12711,-80,-105,12288,27.0,495,290,32,299062
MSpaaaapp:151,MSpaaaapp,151,12264,-12735,-66,-91,12264,27.8,464,302,31,277869
MSpaaap:86,MSpaaap,86,12663,-12336,-107,-108,12663,34.2,456,328,37,320199
MSpaaapa:115,MSpaaapa,115,12384,-12615,-94,-94,12384,28.8,458,297,32,313994
MSpaaapaa:171,MSpaaapaa,171,12196,-12803,-78,-95,12196,22.6,397,271,30,261450
MSpaaapap:171,MSpaaapap,171,12175,-12824,-80,-95,12175,24.4,378,276,29,202867
MSpaaapp:115,MSpaaapp,115,12417,-12582,-104,-111,12417,28.8,436,286,35,308483
MSpaaappa:151,MSpaaappa,151,12249,-12750,-55,-79,12249,27.1,434,286,31,252975
MSpaaappp:151,MSpaaappp,151,12243,-12756,-72,-83,12243,26.7,395,288,30,221972
MSpaap:64,MSpaap,64,13046,-11953,103,100,13046,47.5,377,277,41,314200
MSpaapa:92,MSpaapa,92,12671,-12328,-111,-118,12671,37.6,435,301,35,282068
MSpaapaa:124,MSpaapaa,124,12382,-12617,-119,-113,12382,36.7,437,272,29,208243
MSpaapaaa:184,MSpaapaaa,184,12189,-12810,-105,-113,12189,30.2,431,292,29,199966
MSpaapaap:184,MSpaapaap,184,12232,-12767,-34,-45,12232,27.5,409,309,28,201374
MSpaapap:124,MSpaapap,124,12410,-12589,-175,-108,12410,34.5,412,308,35,242136
MSpaapapa:164,MSpaapapa,164,12190,-12809,-117,-123,12190,32.0,401,306,28,168237
MSpaapapp:164,MSpaapapp,164,12274,-12725,-69,-64,12274,30.8,362,302,30,172505
MSpaapp:92,MSpaapp,92,12565,-12434,1,-21,12565,35.7,364,292,31,242604
MSpap:42,MSpap,42,13730,-11269,355,355,13730,52.7,311,236,46,428919
MSpapa:63,MSpapa,63,13056,-11943,66,65,13056,52.2,326,287,44,290617
MSpapaa:86,MSpapaa,86,12720,-12279,-119,-124,12720,50.0,369,285,37,224284
MSpapaaa:114,MSpapaaa,114,12463,-12536,-133,-129,12463,45.6,379,271,31,190692
MSpapaaaa:157,MSpapaaaa,157,12610,-12389,53,149,12610,43.6,388,309,28,223281
MSpapaaap:157,MSpapaaap,157,12411,-12588,-105,-19,12411,43.3,361,305,30,223517
MSpapaap:114,MSpapaap,114,12486,-12513,-116,-93,12486,41.1,353,292,33,210338
MSpapaapa:150,MSpapaapa,150,12241,-12758,-228,-143,12241,37.9,366,312,29,182105
MSpapaapp:150,MSpapaapp,150,12272,-12727,-90,-125,12272,37.1,333,308,32,199599
MSpapap:86,MSpapap,86,12698,-12301,-129,-132,12698,51.5,323,267,34,204796
MSpapapa:120,MSpapapa,120,12350,-12649,-98,-103,12350,44.4,333,276,30,209992
MSpapapaa:200,MSpapapaa,200,12240,-12759,-100,-110,12240,39.5,353,300,22,85336
MSpapapap:200,MSpapapap,200,12236,-12763,-198,-189,12236,41.1,338,328,25,116260
MSpapapp:120,MSpapapp,120,12356,-12643,-144,-155,12356,47.0,306,266,32,191258
MSpapappa:164,MSpapappa,164,12241,-12758,-90,-119,12241,38.1,346,306,29,134607
MSpapappp:164,MSpapappp,164,12293,-12706,-66,-87,12293,43.4,317,276,25,111139
MSpapp:63,MSpapp,63,13077,-11922,166,162,13077,53.8,263,260,42,305230
MSpappa:98,MSpappa,98,12537,-12462,-83,-104,12537,50.9,278,268,37,301081
MSpappaa:157,MSpappaa,157,12362,-12637,-87,-55,12362,46.6,233,202,31,195777
MSpappap:157,MSpappap,157,12387,-12612,-127,-61,12387,47.7,223,313,30,201977
MSpappp:98,MSpappp,98,12552,-12447,-86,-101,12552,48.4,256,281,39,305045
MSpapppa:149,MSpapppa,149,12270,-12729,-140,-146,12270,43.5,292,346,34,229848
MSpapppaa:204,MSpapppaa,204,12207,-12792,-133,-149,12207,43.3,322,349,27,104800
MSpapppap:204,MSpapppap,204,12302,-12697,-85,-77,12302,43.5,282,346,28,102313
MSpapppp:149,MSpapppp,149,12279,-12720,-94,-94,12279,44.5,244,334,31,187404
MSpappppa:217,MSpappppa,217,12112,-12888,-127,-122,12112,46.0,262,340,26,91128
MSpappppp:217,MSpappppp,217,12275,-12725,-54,-91,12275,44.0,234,334,26,93042
MSpp:25,MSpp,25,12718,-12281,-131,-132,12718,51.0,271,277,52,663713
MSppa:43,MSppa,43,13389,-11610,78,78,13389,51.9,270,321,47,471113
MSppaa:65,MSppaa,65,12957,-12042,60,57,12957,43.6,336,343,40,308581
MSppaaa:92,MSppaaa,92,14103,-10896,1143,1146,14103,39.7,466,367,34,291362
MSppaaaa:126,MSppaaaa,126,12559,-12440,23,74,12559,42.5,505,330,29,208419
MSppaaaad:211,MSppaaaad,211,12391,-12609,-73,39,12391,37.5,492,325,28,262791
MSppaaaav:211,MSppaaaav,211,12303,-12696,-42,10,12303,36.8,503,322,25,132855
MSppaaap:126,MSppaaap,126,12470,-12529,31,29,12470,35.2,479,347,30,221030
MSppaap:92,MSppaap,92,14201,-10798,1311,1303,14201,41.3,412,354,33,271577
MSppaapa:143,MSppaapa,143,12504,-12495,96,95,12504,43.3,426,347,25,171800
MSppaapp:143,MSppaapp,143,12456,-12543,-39,-16,12456,45.0,281,306,30,190628
MSppap:65,MSppap,65,12927,-12072,-5,-6,12927,45.3,280,323,41,309534
MSppapa:91,MSppapa,91,12683,-12316,-113,-84,12683,36.2,385,366,34,272138
MSppapaa:125,MSppapaa,125,12290,-12709,-98,-101,12290,36.6,411,361,29,152685
MSppapap:125,MSppapap,125,12328,-12671,-114,-104,12328,40.1,403,367,28,154415
MSppapp:91,MSppapp,91,12621,-12378,-109,-116,12621,32.9,345,359,37,333994
MSppappa:131,MSppappa,131,12269,-12730,-100,-110,12269,27.7,450,350,30,167845
MSppappp:131,MSppappp,131,12270,-12729,-109,-125,12270,25.2,450,331,32,190317
MSppp:43,MSppp,43,13434,-11565,145,144,13434,53.0,224,241,44,400755
MSpppa:66,MSpppa,66,12884,-12115,12,10,12884,49.3,256,310,40,284961
MSpppaa:95,MSpppaa,95,12561,-12438,-138,-130,12561,44.3,365,334,35,233638
MSpppaaa:140,MSpppaaa,140,12231,-12768,-131,-126,12231,33.1,393,320,30,162692
MSpppaap:140,MSpppaap,140,12263,-12736,-106,-120,12263,40.7,230,333,30,131714
MSpppap:95,MSpppap,95,12585,-12414,-105,-106,12585,45.4,321,336,35,250322
MSpppapa:143,MSpppapa,143,12352,-12647,-9,-15,12352,42.9,372,355,28,168180
MSpppapp:143,MSpppapp,143,12361,-12638,-82,-85,12361,43.5,338,351,30,167992
MSpppp:66,MSpppp,66,12818,-12181,-48,-45,12818,46.7,244,289,41,319637
MSppppa:100,MSppppa,100,12581,-12418,-76,-90,12581,38.8,345,362,35,236467
MSppppaa:142,MSppppaa,142,12221,-12778,-118,-133,12221,38.6,391,376,26,124810
MSppppap:142,MSppppap,142,12244,-12755,-74,-87,12244,28.5,395,358,29,136372
MSppppp:100,MSppppp,100,12495,-12504,-106,-120,12495,33.2,299,353,38,300005
MSpppppa:150,MSpppppa,150,12258,-12741,-67,-76,12258,25.9,381,325,31,125619
MSpppppp:150,MSpppppp,150,12284,-12715,-63,-71,12284,27.3,327,340,32,122442
E:3,E,3,11180,-13819,-148,-148,11180,44.3,182,163,66,1243711
Ea:12,Ea,12,12364,-12635,-178,-178,12364,44.1,273,157,62,1291345
Eal:41,Eal,41,13095,-11904,-153,-154,13095,41.7,314,166,52,793369
Eala:69,Eala,69,12698,-12301,-106,-109,12698,34.6,393,208,46,576805
Ealaa:118,Ealaa,118,12264,-12735,-143,-158,12264,30.8,352,230,40,504305
Ealap:118,Ealap,118,12303,-12696,-117,-139,12303,30.7,291,239,37,369213
Ealp:69,Ealp,69,12696,-12303,-154,-157,12696,38.2,315,201,43,488378
Ealpa:119,Ealpa,119,12297,-12702,-134,-160,12297,36.5,306,224,37,405219
Ealpp:119,Ealpp,119,12288,-12711,-136,-157,12288,32.7,229,222,38,409230
Ear:41,Ear,41,13083,-11916,-146,-147,13083,37.8,303,242,53,835017
Eara:69,Eara,69,12705,-12294,-126,-131,12705,35.6,368,280,46,584486
Earaa:120,Earaa,120,12276,-12723,-134,-150,12276,30.6,343,290,41,558121
Earap:120,Earap,120,12270,-12729,-137,-160,12270,31.2,291,285,38,427639
Earp:69,Earp,69,12703,-12296,-145,-148,12703,39.1,301,274,45,521560
Earpa:120,Earpa,120,12295,-12704,-152,-179,12295,39.1,293,283,38,401747
Earpp:120,Earpp,120,12306,-12693,-115,-136,12306,33.1,238,280,39,415665
Ep:12,Ep,12,12337,-12662,-163,-165,12337,40.5,174,196,63,1334271
Epl:41,Epl,41,13023,-11976,-144,-145,13023,38.2,207,200,53,795563
Epla:73,Epla,73,12652,-12347,-125,-126,12652,33.7,249,235,47,563839
Eplaa:126,Eplaa,126,12283,-12716,-114,-131,12283,28.6,252,239,39,448252
Eplaaa:185,Eplaaa,185,12263,-12736,-63,-104,12263,29.6,219,251,34,271144
Eplaap:185,Eplaap,185,12187,-12812,-113,-131,12187,26.0,220,252,33,227624
Eplap:126,Eplap,126,12295,-12704,-129,-137,12295,32.7,203,231,38,398961
Eplapa:171,Eplapa,171,12221,-12778,-103,-143,12221,30.0,164,244,37,372925
Eplapp:171,Eplapp,171,12311,-12688,-77,-144,12311,31.3,182,240,33,267876
Eplp:73,Eplp,73,12629,-12370,-119,-123,12629,34.8,169,222,46,512052
Eplpa:126,Eplpa,126,12263,-12736,-159,-181,12263,31.8,145,240,40,397772
Eplpp:126,Eplpp,126,12269,-12730,-136,-164,12269,41.3,154,236,41,461571
Epr:41,Epr,41,13023,-11976,-158,-159,13023,41.6,191,286,52,760423
Epra:75,Epra,75,12652,-12347,-109,-112,12652,34.2,245,322,46,529577
Epraa:131,Epraa,131,12235,-12764,-132,-146,12235,27.4,256,289,37,323362
Eprap:131,Eprap,131,12223,-12776,-119,-131,12223,28.5,202,283,36,302666
Eprp:75,Eprp,75,12628,-12371,-126,-132,12628,35.4,167,280,46,520097
Eprpa:131,Eprpa,131,12259,-12740,-154,-182,12259,31.2,167,283,37,345371
Eprpp:131,Eprpp,131,12264,-12735,-152,-179,12264,39.1,164,279,41,461571
P2:1,P2,1,10890,-14110,-63,-63,10890,38.6,149,252,54,813861
C:4,C,4,11224,-13775,-79,-79,11224,27.7,181,289,66,1247370
Ca:14,Ca,14,12145,-12854,-80,-80,12145,29.4,257,260,59,931851
Caa:30,Caa,30,12883,-12116,-95,-95,12883,27.2,277,289,53,700167
Caaa:54,Caaa,54,12878,-12121,-76,-75,12878,25.0,255,264,47,395986
Caaaa:80,Caaaa,80,12590,-12409,-83,-86,12590,22.3,209,216,42,279370
Caaaaa:115,Caaaaa,115,12297,-12702,-69,-69,12297,20.0,225,214,37,142205
Caaaap:115,Caaaap,115,12381,-12618,-46,-51,12381,21.9,150,204,36,132270
Caaap:80,Caaap,80,12624,-12375,-115,-116,12624,29.0,138,190,40,290518
Caaapa:113,Caaapa,113,12402,-12597,-91,-96,12402,24.7,107,202,35,128796
Caaapp:113,Caaapp,113,12372,-12627,-99,-101,12372,32.2,93,206,35,143762
Caap:54,Caap,54,12826,-12174,-73,-73,12826,25.3,170,211,44,396324
Caapa:87,Caapa,87,12438,-12561,-78,-94,12438,43.4,102,226,34,222571
Caapaa:183,Caapaa,183,12556,-12443,143,148,12556,49.0,136,269,24,63281
Caapap:183,Caapap,183,12292,-12707,-27,-34,12292,50.8,119,250,26,116338
Caapp:87,Caapp,87,12672,-12327,-74,-76,12672,43.5,97,198,37,259218
Caappd:125,Caappd,125,12338,-12661,-92,-103,12338,45.3,83,212,34,139762
Caappv:125,Caappv,125,12300,-12699,-63,-79,12300,48.2,77,231,30,137585
Cap:30,Cap,30,12921,-12078,-58,-58,12921,25.9,189,204,52,715942
Capa:57,Capa,57,12752,-12247,-100,-104,12752,35.5,194,145,44,367429
Capaa:96,Capaa,96,12652,-12347,-59,-67,12652,46.3,234,184,37,270541
Capaaa:135,Capaaa,135,12293,-12706,-123,-110,12293,39.5,259,144,33,332936
Capaaaa:194,Capaaaa,194,12167,-12832,-159,-142,12167,34.1,293,169,29,211073
Capaaap:194,Capaaap,194,12297,-12702,-113,-77,12297,34.0,252,162,29,200463
Capaap:135,Capaap,135,12273,-12726,-127,-129,12273,42.1,210,167,34,326840
Capaapa:203,Capaapa,203,12184,-12815,-178,-156,12184,34.4,229,169,30,215036
Capaapp:203,Capaapp,203,12138,-12861,-131,-122,12138,36.3,186,165,30,234772
Capap:96,Capap,96,12597,-12402,-94,-105,12597,47.6,181,195,37,276701
Capapa:135,Capapa,135,12238,-12761,-136,-148,12238,35.9,195,152,35,399523
Capapaa:201,Capapaa,201,12171,-12828,-90,-93,12171,26.8,200,168,32,242164
Capapap:201,Capapap,201,12281,-12718,29,21,12281,29.0,151,162,31,274184
Capapp:135,Capapp,135,12252,-12747,-148,-155,12252,45.7,176,177,34,330938
Capappa:207,Capappa,207,12211,-12788,-153,-195,12211,48.0,170,182,27,181585
Capappp:207,Capappp,207,12297,-12703,-306,-195,12297,42.8,193,162,29,232843
Capp:57,Capp,57,12786,-12213,-89,-90,12786,31.7,135,157,44,404576
Cappa:89,Cappa,89,12619,-12380,-116,-120,12619,40.1,167,167,38,275926
Cappaa:127,Cappaa,127,12279,-12720,-87,-93,12279,33.1,202,150,37,361718
Cappaaa:177,Cappaaa,177,12195,-12804,-47,-55,12195,27.2,225,164,30,215273
Cappaap:177,Cappaap,177,12173,-12826,-74,-76,12173,22.0,173,190,32,219054
Cappap:127,Cappap,127,12313,-12686,-96,-107,12313,38.9,159,174,36,358600
Cappapa:189,Cappapa,189,12175,-12824,-107,-121,12175,33.8,134,159,32,321786
Cappapp:189,Cappapp,189,12240,-12759,-76,-101,12240,38.3,119,176,32,296214
Cappp:89,Cappp,89,12642,-12357,-51,-62,12642,47.0,137,194,38,276355
Capppa:131,Capppa,131,12249,-12750,-146,-148,12249,33.6,134,186,35,300994
Capppaa:190,Capppaa,190,12167,-12832,-15,-18,12167,22.2,119,194,31,179281
Capppap:190,Capppap,190,12225,-12774,-123,-137,12225,31.4,86,200,33,238853
Capppp:131,Capppp,131,12298,-12701,-97,-100,12298,45.2,126,213,32,234411
Cappppd:193,Cappppd,193,12266,-12733,-141,-156,12266,40.2,80,203,30,218168
Cappppv:193,Cappppv,193,12252,-12747,-106,-109,12252,47.1,125,209,28,168405
Cp:14,Cp,14,12186,-12813,-83,-83,12186,30.2,140,288,60,1113633
Cpa:31,Cpa,31,12895,-12104,-77,-77,12895,26.3,129,298,54,783165
Cpaa:52,Cpaa,52,12920,-12079,-80,-80,12920,23.9,137,294,48,439636
Cpaaa:77,Cpaaa,77,12606,-12393,-100,-100,12606,21.3,154,302,42,300271
Cpaaaa:118,Cpaaaa,118,12323,-12676,-52,-55,12323,21.2,241,298,38,143666
Cpaaap:118,Cpaaap,118,12357,-12642,-65,-68,12357,21.3,150,301,35,122341
Cpaap:77,Cpaap,77,12639,-12360,-88,-90,12639,28.2,102,274,41,316055
Cpaapa:116,Cpaapa,116,12344,-12655,-59,-64,12344,22.5,110,281,34,117377
Cpaapp:116,Cpaapp,116,12371,-12628,-85,-86,12371,29.6,87,264,36,159471
Cpap:52,Cpap,52,12948,-12051,-54,-54,12948,28.5,96,220,46,420271
Cpapa:79,Cpapa,79,12651,-12349,-71,-73,12651,36.6,81,264,41,318610
Cpapaa:118,Cpapaa,118,12303,-12696,-69,-73,12303,37.0,72,240,35,175498
Cpapap:118,Cpapap,118,12265,-12734,-68,-71,12265,31.8,83,245,35,179055
Cpapp:79,Cpapp,79,12646,-12353,-85,-88,12646,45.8,86,221,37,260029
Cpappd:119,Cpappd,119,12276,-12723,-100,-103,12276,40.9,75,234,34,161192
Cpappv:119,Cpappv,119,12301,-12698,-56,-66,12301,48.8,83,246,30,145904
Cpp:31,Cpp,31,12975,-12024,-69,-69,12975,33.7,86,218,52,798342
Cppa:56,Cppa,56,12842,-12157,-59,-60,12842,43.9,77,260,44,355274
Cppaa:93,Cppaa,93,12597,-12402,-102,-118,12597,48.8,211,292,38,317156
Cppaaa:134,Cppaaa,134,12315,-12684,-101,-98,12315,40.5,233,364,35,373304
Cppaaaa:189,Cppaaaa,189,12394,-12605,-97,-19,12394,39.2,264,369,29,221935
Cppaaap:189,Cppaaap,189,12254,-12745,-110,-116,12254,37.8,220,370,29,224654
Cppaap:134,Cppaap,134,12263,-12736,-106,-102,12263,43.5,198,340,33,324565
Cppaapa:205,Cppaapa,205,12299,-12700,-123,-135,12299,38.4,204,359,28,215786
Cppaapp:205,Cppaapp,205,12282,-12717,-46,-47,12282,40.3,162,351,28,217005
Cppap:93,Cppap,93,12592,-12407,-89,-98,12592,48.6,170,262,38,311702
Cppapa:136,Cppapa,136,12259,-12741,-106,-116,12259,36.9,178,350,36,416541
Cppapaa:199,Cppapaa,199,12133,-12866,-150,-155,12133,28.4,192,371,30,242067
Cppapap:199,Cppapap,199,12221,-12778,-113,-113,12221,29.0,139,353,30,227048
Cppapp:136,Cppapp,136,12262,-12737,-118,-111,12262,46.9,165,325,34,345388
Cppappa:212,Cppappa,212,12300,-12699,-236,-141,12300,45.8,165,343,28,224361
Cppappp:212,Cppappp,212,12232,-12767,-118,-153,12232,49.5,147,301,28,205453
Cppp:56,Cppp,56,12856,-12143,-71,-72,12856,39.6,94,182,44,370215
Cpppa:87,Cpppa,87,12595,-12404,-134,-136,12595,43.5,136,299,37,292571
Cpppaa:127,Cpppaa,127,12259,-12740,-98,-111,12259,32.4,186,350,34,331701
Cpppaaa:177,Cpppaaa,177,12194,-12805,-149,-164,12194,30.7,235,376,30,261706
Cpppaap:177,Cpppaap,177,12188,-12811,-63,-66,12188,23.3,191,351,31,248039
Cpppap:127,Cpppap,127,12296,-12703,-80,-97,12296,38.4,141,328,33,327548
Cpppapa:192,Cpppapa,192,12179,-12820,-92,-94,12179,35.4,115,337,30,278873
Cpppapp:192,Cpppapp,192,12172,-12827,-115,-118,12172,39.3,94,316,32,314793
Cpppp:87,Cpppp,87,12598,-12401,-90,-95,12598,47.0,117,254,38,301576
Cppppa:133,Cppppa,133,12245,-12754,-94,-99,12245,32.4,118,303,35,352942
Cppppaa:195,Cppppaa,195,12102,-12897,-142,-142,12102,21.4,122,318,33,204462
Cppppap:195,Cppppap,195,12247,-12752,-79,-83,12247,28.3,87,297,31,222453
Cppppp:133,Cppppp,133,12299,-12700,-95,-104,12299,43.3,109,272,36,347001
Cpppppd:201,Cpppppd,201,12265,-12734,-170,-172,12265,40.4,75,263,33,248509
Cpppppv:201,Cpppppv,201,12302,-12697,-19,-49,12302,47.8,119,258,25,133847
P3:4,P3,4,11436,-13563,-108,-109,11436,39.9,93,226,59,1406469
D:18,D,18,12502,-12497,-135,-135,12502,43.0,89,200,54,930409
Da:41,Da,41,13058,-11941,-122,-122,13058,41.6,154,131,48,564562
Daa:72,Daa,72,12693,-12306,-109,-112,12693,48.1,252,166,39,266975
Daaa:106,Daaa,106,12502,-12497,-104,-111,12502,37.6,326,141,34,295554
Daaaa:148,Daaaa,148,12259,-12740,-56,-66,12259,34.3,377,159,30,220020
Daaap:148,Daaap,148,12253,-12746,-54,-61,12253,29.6,334,172,31,200835
Daap:106,Daap,106,12456,-12543,-135,-152,12456,43.4,291,161,34,282818
Daapa:151,Daapa,151,12279,-12720,-135,-115,12279,39.4,348,149,29,199526
Daapp:151,Daapp,151,12296,-12703,-80,-91,12296,40.8,318,147,29,202408
Dap:72,Dap,72,12693,-12306,-111,-112,12693,45.5,191,180,41,289097
Dapa:104,Dapa,104,12552,-12447,-65,-78,12552,36.7,274,152,36,324964
Dapaa:147,Dapaa,147,12314,-12685,-57,-76,12314,34.3,316,146,32,262445
Dapap:147,Dapap,147,12274,-12725,-45,-53,12274,30.4,272,154,33,252020
Dapp:104,Dapp,104,12542,-12457,-101,-106,12542,35.8,226,177,38,316466
Dappa:143,Dappa,143,12223,-12776,-87,-90,12223,25.7,271,175,35,239734
Dappaa:202,Dappaa,202,12235,-12764,23,22,12235,23.0,328,221,32,155364
Dappap:202,Dappap,202,12150,-12849,-108,-128,12150,24.0,290,211,29,102480
Dappp:143,Dappp,143,12217,-12782,-86,-90,12217,25.2,217,179,36,253036
Dapppa:207,Dapppa,207,12163,-12836,-123,-130,12163,22.5,271,209,28,86325
Dapppp:207,Dapppp,207,12180,-12819,-34,-37,12180,20.2,232,205,30,93050
Dp:41,Dp,41,13042,-11957,-160,-161,13042,50.5,118,215,46,431994
Dpa:73,Dpa,73,12716,-12283,-105,-108,12716,49.8,215,299,40,291184
Dpaa:109,Dpaa,109,12437,-12562,-155,-174,12437,37.6,313,370,34,282417
Dpaaa:153,Dpaaa,153,12258,-12741,-64,-79,12258,36.3,367,375,29,166844
Dpaap:153,Dpaap,153,12254,-12745,-63,-72,12254,29.7,348,356,31,168683
Dpap:109,Dpap,109,12495,-12504,-93,-102,12495,42.9,276,346,34,240019
Dpapa:152,Dpapa,152,12278,-12721,-111,-122,12278,40.6,347,370,29,155140
Dpapp:152,Dpapp,152,12297,-12702,-62,-83,12297,41.0,316,368,30,169970
Dpp:73,Dpp,73,12700,-12299,-101,-106,12700,47.9,153,253,40,291340
Dppa:106,Dppa,106,12520,-12479,-87,-93,12520,39.2,248,364,34,266657
Dppaa:150,Dppaa,150,12268,-12731,-111,-115,12268,36.0,307,378,30,185813
Dppap:150,Dppap,150,12274,-12725,-62,-70,12274,33.3,271,375,30,185764
Dppp:106,Dppp,106,12493,-12506,-108,-114,12493,38.3,207,335,37,299735
Dpppa:148,Dpppa,148,12237,-12762,-74,-81,12237,27.8,286,353,33,182005
Dpppaa:209,Dpppaa,209,12142,-12857,-101,-100,12142,21.3,348,350,30,99418
Dpppap:209,Dpppap,209,12146,-12853,-99,-97,12146,23.4,301,357,30,84577
Dpppp:148,Dpppp,148,12220,-12779,-98,-108,12220,27.1,240,353,34,194136
Dppppa:216,Dppppa,216,12497,-12503,263,280,12497,25.5,280,367,28,76011
Dppppp:216,Dppppp,216,12075,-12924,-57,-61,12075,23.5,236,370,28,81677
P4:18,P4,18,12785,-12215,-153,-155,12785,50.7,171,162,50,806868
Z2:63,Z2,63,12616,-12383,-97,-105,12616,45.4,212,245,39,280473
Z3:63,Z3,63,12626,-12373,-97,-103,12626,46.5,273,221,38,277464
